speed,speed_max,mean_acceleration,distance_traveled,mean_turning_angle,outreach_ratio,track_id
0.017103714648043934,-0.2292022451055294,-0.14412547641882595,-0.7387256067871154,-0.7638797493324633,-0.09590590100588088,6
0.9031574287181976,-0.10069195263134359,0.6152371667139233,-1.1165198002264174,-0.08836041993623697,2.758742666965807,14
-0.3883694390242235,1.50739421204203,-0.45096956066464566,1.480490886353962,-0.25871150268301485,-0.4295365892978447,17
-1.2289992523393531,-0.2548847627672677,-1.0064849694809153,3.13067878872625,1.6467079086229626,-0.7789637466645963,18
0.20274900717875535,0.0386559013059069,0.179733907217605,0.7312819266285266,-0.3327780861589497,-0.5973798305794632,31
-0.5321487954972715,0.17404710269895823,-0.5848120303545531,-0.5170447971485028,-0.12265688390578695,-0.549670813160009,45
0.3214350404761231,0.01084254839865723,0.7098498224454276,0.46399266388986754,-0.04993147381513236,-0.496021502367737,47
3.306363993505999,-0.07795959116725182,1.579562071541751,-1.081305302596872,-1.0750629822739062,0.7900729446592919,56
0.6942019768679311,-0.24177348214614577,0.4923194010528698,-0.7527805276211095,0.3864370668030379,-0.7252828507140124,82
0.2629864391726089,0.4229782026571639,0.3404531665352355,-0.87404466349383,2.1560581358335784,-0.7261966746291093,83
1.039276989137672,0.18034752669418452,0.9811975904734113,0.5790196336813839,-0.5381137585555112,-0.6590823138923235,85
0.38660816017113864,-0.025028824381078785,-0.08157864736739896,-0.849505785721957,-0.8884845566826041,0.323488254905876,97
0.4543511112597838,0.7424973870229882,0.15937412030113288,-0.47254354570194856,-0.8232636120073076,-0.9186822354421863,134
-0.947049255167051,-0.4086488961182877,-0.9070899892320539,-0.24311306276661995,0.5496005120805652,0.5142688307962935,136
4.150193286037147,0.060443264531559,3.3357742693166625,-1.041487965808409,-0.652247160543293,3.540245261428054,137
-0.932942024901681,-1.1522299631876198,-0.8022699927709345,-1.1865225033451225,0.6347277672753274,3.8022191431211816,139
0.8197005111304476,-0.20638325780466743,0.32308996198805584,-0.31458019884952615,0.31729689659310917,-0.1341279129811657,152
-0.5948176117945553,3.1256109443238906,-0.36231135600299685,-0.26784392803654944,0.7201420380826964,-0.05845635164517147,156
0.14650746245616691,-0.5445469865934663,-0.5279017778555952,-1.151029394336381,0.03891791355083511,0.967313153516679,164
0.7863903795972419,1.2246304051457,0.5149367467469967,-0.9624435374423701,-0.08848233553978985,1.7771470673408054,173
0.06391063660953444,-0.0461306539021606,0.47199893608735066,-1.1409327498187067,0.8550932186276822,4.287775055115368,176
-0.21508796279599163,-0.5967213591977103,-0.5300647663255647,-0.20866598306785133,0.05806775307095975,0.24068419684993395,177
0.10525973891829457,0.04802409948886921,0.16605819152010087,-0.31648854966796564,-0.01974819930726547,-0.44165551952038506,178
-1.1385415805966586,-0.66871232515262,-0.8915169933720503,-0.7362964096484704,0.5003392997213331,-0.3740646758120186,184
0.1232765063778211,0.7987398358066854,0.11301117093957876,0.42126800241995377,-0.7624391604243768,-0.5185365634903378,186
4.139643628372042,1.4448611002712297,4.74267822777013,-1.1314453270113243,-0.6250594517626904,-0.884734790949482,188
-0.36677163613324215,-0.2517860676719822,-0.0798036655419198,0.028287427983525525,1.0306291313907354,-0.1259105381348557,196
0.27844410456667,0.8485923159736488,0.7611767138561354,-0.9897517622049872,-0.090474196422471,0.7950570275180147,220
0.3890420152782733,1.5295413572401313,0.41852746347190123,-0.19586623904687048,0.8569470949327019,0.37901102762337185,228
2.415223682420723,0.7463343672389418,1.6309811527843154,-1.0256149193354511,-1.0554794683346915,1.6068801328274707,229
1.0733952811515646,3.2467906418600174,1.5450947412492724,1.0987830640803002,-0.1994828439802737,-0.7293442174700604,261
-1.3712972130929408,-0.5644430329686483,-0.46371445082953205,-1.2272418062628567,0.6130790792723511,1.3910239650937042,269
-0.5349445638609338,0.4290599624470398,-0.19143214363685834,-0.9321470101912194,1.9800501160221304,0.15382988033205733,276
0.24321263125107528,-0.27144707964594544,0.1199130046744715,-0.6431437776601927,-0.5366083222469087,-0.24674284808269092,277
-0.8352751983586324,0.13887329989710726,-0.7144925303172937,-0.888276043673608,3.241855611347712,2.3663357953341246,279
-1.1359576683168549,1.1864672859868894,-0.5197518677164535,-0.9069103174316043,4.655587714526337,0.9767702215106525,283
-0.09101457820435956,-0.6154684181388308,0.04366695963268483,1.2596868054789754,0.2451707819091076,-0.5626324030119038,291
-1.7698224739553734,-1.5778173973589766,-1.3105711758434857,-1.1761504503858158,5.231301803262303,2.3842145938947428,295
-0.083923881618477,-0.31667659423758443,0.14559822034068937,-0.8924510871442696,0.8119946978128205,-0.0002420935097954312,296
0.5740742691349908,0.6611147543332322,0.5595571039790935,-1.0493344335231658,-1.2722558801835113,1.0777142536500122,297
0.4730786732515348,-0.32268385604806576,-0.32335164461453564,-0.8982888002109533,-0.8760997054430627,0.8270507428200855,299
2.312958042349881,1.1737287711667688,1.2091774991664122,-1.0680216741445685,-1.167895783427799,0.2950851301252711,331
0.46737814702092845,-0.2914828552612665,0.33644679533207295,-1.019947157951294,-0.9664889189622526,1.3766900102856976,349
0.07981384465315468,0.48861664219817397,0.04350039339148201,0.40364500236879575,-0.29764983128830697,-0.8426764701999188,353
0.7232678362488951,-0.7302629819786899,0.11747690892094592,-0.5277324733450603,-0.890642774508389,0.6210279992524745,388
1.2040541898416843,2.2831958900802425,0.7538507991662075,-0.7515881382920238,-0.7808796823159277,0.3522060066000075,396
-0.6600617554294559,-0.5058778705342131,-0.7841816395506422,-0.4859455560786362,-0.07503965438479035,-0.4579834379169422,400
-0.6943278223402866,-0.088168545361501,-0.7129637090642487,-0.3062415162534898,0.5144006613204515,0.505926875660137,416
-0.48899667921337797,-0.5839702727063882,-0.6939091082538016,0.05910327738767928,-0.4784425043988499,-0.1121656011679585,419
0.6649985481524128,0.11058906407446299,0.6263512570144679,-0.844709955914357,-0.8306972584442748,1.3644774074110155,429
0.6794933109273495,0.17532831392432974,1.2305502315645043,2.207005713419739,-0.20848547459367478,-0.9156899188634356,432
-1.9156076885873938,-1.7644717760478008,-1.5928358984963162,-1.3359176620644078,6.543558779187141,6.1176016260111865,434
-0.48747192410582874,0.7527857372029725,0.18236486942092645,-1.0274743904285901,8.837215893318058,4.736810379662164,438
-0.8662003038000456,-0.09265088996788168,-0.7495994706612968,1.858085256877221,1.1570469021696663,-0.8633823145405213,442
-1.0257789365728238,-0.5673139523225984,-0.7445127656454015,0.42284595135867836,0.5565678201439391,-0.7226401832773962,449
0.5013180004747944,1.7682762531297782,0.5938298390425485,-0.7762279778888336,0.7824999597372878,0.8556093189135037,451
0.5399986783799299,-0.17100837432403515,0.5305730404617619,-0.4054916766146761,0.5724953489149616,0.6111898416185217,454
0.9579737251332864,-0.05229736332926355,0.9847106993046771,1.6651961423468513,-0.3366805460724723,-0.5745925454740186,476
1.960283155823209,6.490936313228711,1.9850296459580672,-0.31493866226781125,-0.8864545769698183,-0.7207128843303551,483
-1.5090181000072709,-1.7449833801933292,-0.9822175642757428,-1.232035720015111,0.3486338896941141,0.2821754248331853,484
1.118798277561288,0.026874008744676367,0.39541526676073185,-0.4093331476853851,-0.6727126697945922,0.46394985761143726,491
2.067122022841439,0.24571452024635101,1.1310563278861183,-0.8038970249239645,0.23459806784390333,1.6046147995099207,493
-0.30085234533736577,0.8300862852106483,0.2045824327099173,-0.7950793814933879,0.578215238674061,0.5040260756279882,494
0.7372801019172586,-0.3385208849150113,1.2284408195487668,1.3018695644588454,-0.15985250185635913,-0.3796638409232505,495
0.056958105361157634,-1.208014452203535,-0.27265547096665166,-1.1158966207436796,-1.1208613827755263,2.9138024969024596,497
0.4978335881181584,0.26117102208165044,-0.07652236598009331,-0.24681608480392755,-0.4963544112733168,0.49332171784852236,533
0.4480238559658653,0.07414855804774548,1.2335022303567518,1.531532641519458,0.24636096250292885,-0.4273539361956375,536
-1.3921749805548653,-1.3983248266487267,-1.0895240309157668,-0.7523696065952042,0.17816123001069947,-0.24262768771084559,540
-0.7124747359688645,-1.0093581539880256,-0.4962962650631922,-1.1333675280145277,-0.7403071008091168,0.4603865680432224,541
3.2704901927497043,0.6557869645569495,3.02693746816103,-0.7337665918802834,-1.0868158696531238,0.9207096230624426,561
-0.147340420742567,-0.7429812399894306,0.11483625521282166,0.29088045749370245,-0.5685071564685545,-0.4929201293231894,562
-0.04717631379279637,-0.3077257392536786,-0.10988062508474097,-1.011324041389639,0.4307150100511508,-0.8191765556214092,574
0.8619705974134437,-0.5652052598524087,0.5305293619449865,-0.7720596399261599,-0.43745971338849926,1.6561464783151756,581
-0.8099571162050145,-0.3226498942659364,-0.5325554885310922,0.4174399947296904,-0.12863443390029453,-0.7750742222096578,582
0.3956232692603682,0.8588193170920618,1.189890193055574,0.22236947992598732,0.38994174685260974,-0.39398970939277606,590
-0.8824065129428742,-0.7748555696683833,-0.786948889490063,-0.16399860726189686,-0.18010249922680133,0.16806885920989711,605
0.7498455679867889,0.7723668376005081,1.0387115978461654,1.1515511439382695,0.0637906934030046,-0.5646747039065751,612
-0.8684435840803657,-0.963520145763054,-0.9669858736895972,-0.4113515357355025,-0.39723171311319455,0.26723966490184764,622
0.03883085542835423,0.058899634818409576,0.6981356913485811,0.12780262510737425,0.5671987753750829,-0.6894736830249989,623
-0.5563818914292965,-0.3883055187273563,-0.712777755268917,-0.5227068261696746,-0.8878179012330593,0.853712261575998,655
-0.05149974953023271,-0.9772220855945455,-0.011887634737594424,-0.009849616093384939,-0.5687099989541192,-0.8815591596513379,685
0.11452637653502236,1.086723843482625,0.303967040373689,-0.009033614658271065,0.2970840172800052,-0.7865697230562368,708
-0.665321687921276,1.2934347373244406,-0.6141816534113875,2.7528099427247894,0.08523954499744592,-0.7067984777950692,718
-1.241725306186377,-0.5238615234480247,-0.9393386187448086,-0.5538469498406273,0.2409723728867131,0.46765022709555987,749
1.3300807021938676,0.7761204011718901,2.820997445135923,-0.7161719574133822,0.8899525805913933,0.9827379866213107,767
-1.02304456955562,-0.9822721423218536,-0.7933883925897705,-0.6938612752833501,0.642095337591124,-0.33471247363662987,794
-0.36883148974025715,0.29481322077289884,-0.7066302631295163,-0.024168184605256635,-1.0403531580388228,-0.5892499147177239,801
3.044904341302416,0.5536359103570078,4.346091222266469,-0.39565293548702274,-0.02630171660259592,0.10210711705134644,808
0.3522417894714301,1.605963842092546,0.746514374246399,1.0793324870886833,-0.23565903373731573,-0.5702871778187126,833
0.17014006174966825,0.0017168117153105453,0.0922648648837937,0.4167675998540985,-0.3028895014832577,-0.7994169806101943,855
1.0995334368841245,0.4810571792618126,0.7553244714367443,0.7851719450822742,-0.4086948000101773,-0.6315803962775703,869
-1.014931136414057,-0.9316248617162709,-0.5930510586452935,0.23142633554465727,0.678063010744974,-0.2807649045878914,877
0.048674244573224314,-1.362459620172448,1.4966357249549098,-0.7160786211333426,1.1292511715415412,-0.5835417606361416,914
-1.5506230126720715,-1.6773612384622225,-1.1249702975456493,-0.7613878588377919,1.0024361212533863,-0.23387953820567886,922
-0.1993477234597875,-1.3154959164030413,1.4809293914621562,-0.8321394832675248,0.7319604275664305,-0.7624453513049309,927
-1.1178904121045299,-0.4158673903019105,-1.1945240508674058,-0.49131643980851064,0.1536708736203665,-0.8694792666824753,976
-0.32962947735769327,2.5155396440417843,-0.2925638175719072,0.2787300501577172,-0.3588517529164111,-0.2670751997854563,981
0.5218667545799233,0.2886329647954535,0.4791640143874212,-0.6329754853442416,-0.9916435402992535,0.51489107434442,1010
-0.8889927583642496,-0.5741837730587617,-0.8884406653997463,-1.2031902118446383,1.4755236165823151,1.47537768403349,1020
-0.32887451487379565,-0.7230143282074533,-0.33406330112156474,0.39041498560162186,-0.8186405858159063,-0.4912885151179291,1031
0.377246635012034,0.9617897854939312,0.5730938043600131,0.4820166203072337,-0.013428026335922121,-0.31799293463698386,1040
-0.7352114474401504,1.5460943401010208,-0.6470000153672418,-0.10645826742024461,-0.21335775562181986,-0.2578813385460333,1067
-0.5203990232442538,-0.5983287397052276,-0.6664067800156599,0.5272555717830691,-0.7667889014901866,-0.2096926624965961,1070
-1.1594969686016945,-0.4604468851632351,-0.7374765304236935,-0.0020434767627905194,1.4582735210091806,-0.7773111295443782,1093
-0.7043781330775394,1.0049865636596595,-0.6675841384147024,-0.4724741411448035,0.44002094982791656,-0.8207551550586657,1110
-0.5739328839573514,-0.7942169132797481,-0.7022552625625308,0.8480801330072244,-0.5712564514137934,-0.8025994159101822,1148
0.16951570190744036,2.0068203017293618,0.37658206004623956,0.4376712259360144,0.5421315250760166,-0.5353539160001424,1173
0.6310160785825322,0.32741866663915914,0.802788435461784,0.6776330392068584,-0.09520979412983789,-0.6632196247274879,1220
0.6344706367819968,-0.2994682577328334,0.2205825146841028,-0.8352376143663148,-1.0148442091784635,-0.43863064675198865,1263
-0.9185454353720108,0.509371021888398,-0.3547452021829686,-0.3117232366534609,2.650184663637331,0.20727614949415152,1290
0.484807071171902,0.0882290605813235,0.15920470560380856,-0.04967709600661992,-0.9619450855692216,-0.10368523496439482,1320
-0.6497426873097463,1.6211623122911198,-0.2355749860951259,1.8884222336530614,0.7002242717996701,-0.40869841294847215,1330
-0.7490957429016845,-0.605770292629728,-1.1036293440489773,-0.37241240935166653,-0.0990667763303745,0.7296625885220469,1340
-0.18008408190511577,-0.49334568012584473,-0.6320691373673304,-0.36063399539240015,-1.2603462993828043,-0.31596828431604373,1364
0.8591059954454717,-0.1205483456469202,0.8441110157113645,0.6345027162293506,-0.09208412413113376,-0.3013093728536308,1382
-0.48567233927981024,1.3572655586880178,0.16196617010738548,-0.5699632840503799,0.973721039318042,0.025438325759913095,1410
0.9521239121180112,-0.14013727501971926,1.4248527610360744,1.4959092063304142,-0.35565802667634855,-0.6429162889997032,1427
-0.43099742382733197,2.6565846442589507,-0.4756098571017866,0.0959957342381272,-0.8439937585362407,-0.35193256045467386,1444
0.6540812895134837,0.6982425050635881,0.9042556499323556,0.6359877746112481,-0.24446866551282143,-0.5850986474483558,1489
2.0431309021520203,-0.36596039564093613,1.8404411812150878,-0.7208679182012819,-0.7699074262956936,-0.6559876630973933,1513
0.6515213741909549,-1.0134340775862776,-0.06652680069840401,-1.0559323882426486,-1.283669221350638,0.6248673742641528,1514
-0.6506797704719609,-0.8060152343520984,-0.7785963373724065,-0.22910464176619996,-0.6885466069084508,-0.3233298062007698,1521
-0.9654286043618571,1.1857349374823136,-0.7624525826484607,-0.325703627718424,-0.4989037757314482,-0.13486043814188553,1532
1.1093483712470185,-0.22632040855257254,1.0740738276800157,0.031037239838159314,0.3271213929317135,-0.6698260159233229,1544
-0.31522745785757483,-0.5514033275481643,-0.6478992297647164,-1.0519970264683485,-0.7245900388411642,1.1314066117546533,1558
-0.8591471669764763,0.9354415938725273,-0.30766530502556755,2.6626973485059975,0.569055346084469,-0.7744531480786279,1573
0.6558814821121759,0.35695654991078063,0.8870911126982804,2.039357076716298,0.21790645270241552,-0.6635131587839005,1581
-0.8337644631525105,-1.1244402064330492,-1.1165110475199413,-0.6425567581802715,-0.23955279001516563,0.8596361291420046,1635
0.30329087909251184,-0.08142097766780695,0.8090607919070238,0.23895774217807517,0.4603939498623486,-0.2145658541790475,1637
-0.526044601592017,0.14569194577596967,-0.32976829628987625,1.290392208062548,0.3285630562384706,-0.7444126900858627,1640
-0.11823882735538334,1.035813445546683,0.4237213401514715,1.4666012918340199,0.754346580438095,-0.6669559311568659,1679
0.6553460481920911,0.25952063983073403,0.5466031151706946,0.016248063468036682,-0.3805467172334816,-0.5056759791322712,1687
-0.5720882586746818,1.2138536297132119,-0.6714395541258565,0.013313791592741904,-0.4538915386300366,-0.16553607210934052,1713
-0.2609643729929295,-0.6580572541162211,-0.6432397620347523,0.4474273173309947,-0.8839123926108288,-0.9152053381031152,1731
-0.5361483530190295,0.710356169265516,-0.13623136659241386,0.2424454482824719,-0.10786013532121598,-0.39206441509114237,1748
-0.45961125446335505,3.240809501215067,-0.5211727216977234,0.480857101574371,0.36897771995116707,-0.6008635127419633,1752
-0.510978271734127,-0.9596177176215414,-0.8538679686233219,1.4992582697134815,-0.8467294769423459,-0.8478183909897147,1772
2.446491512139014,0.7830091742985408,2.534052772707698,-0.35527200181969576,-0.29470776414767225,-0.2074661083734607,1784
1.4308264031770892,0.00723887242430174,2.0675996240816388,-0.31851793310675613,-0.09724875501729054,-0.004141812384743039,1785
-0.7523262081902726,-0.4727829174350821,-0.8730861484705721,-0.6341368531161661,-0.7615953833958808,-0.5311658176899905,1793
-1.2463081558035298,-0.8736388219319483,-0.9930033288795223,-0.05525246171488127,0.407189551894148,0.01958820590056945,1800
-1.298155012295956,-0.13873623352986134,-0.958888138797235,0.6106000794322828,0.7213972417624577,-0.7312146181176641,1808
-1.3371967556349427,-0.0844710737486901,-1.0127190727138162,0.22387128204738457,0.5184837922943367,0.10567955681971672,1824
-0.5144272803367435,-0.9290271658433756,-0.43159399829930883,-0.39797978067056516,-0.29911853201413713,-0.03526753634392599,1843
-0.2659117433742035,2.625279834035409,-0.5802813966473375,-0.16535864181877147,-0.5789642670849454,-0.37137031920077884,1852
-0.3628994225813979,-0.9904201300911025,-0.3939217438284044,-1.078795953751933,0.07549685054729093,1.8909167405933802,1853
-0.024784597361020445,1.1309776380470025,0.3461070983712473,2.7618140086778893,0.6097157837583929,-0.6213848827756661,1861
-0.7393567324688303,-0.8148532408143742,-0.7449185241495994,-0.4327437840785844,-0.7535677423402748,0.5283727157135161,1864
0.30916802420791495,0.39448152969638867,0.02501921409257105,-0.8729864209715414,1.1283688077008343,1.9464516369732294,1867
-0.4576825218399661,-0.7296374441604119,-0.9053712537565083,-0.47913203409573485,-0.1150282290958092,1.0436308485935986,1868
1.1854330568486091,-0.20105569442900695,1.5351471396043068,-0.45434072570165623,-0.37311484680516427,-0.13508106533737624,1907
1.0002280253594726,1.1103954851638036,1.3427777651800712,-0.09847714255156324,0.5057928996727166,0.039500422806448804,1911
-0.22102087748685356,-0.8596156111381241,-0.5637094115357362,-1.1240994356732756,-1.0245720657841957,2.8268539960832935,1914
1.6222582806226824,0.06476444671901802,0.8796069281270426,-0.6453124351187401,-0.7465971869432351,0.483749213211676,1932
-0.05819872677249946,0.9148989090112062,-0.5398678935023431,0.16870871486823968,-0.04803261834128332,-0.8290723343970084,1935
-0.8236898899808298,-1.1755661982595693,-1.17517816856172,0.05728869762574212,-0.4159559872311985,-0.0980906017778227,1938
-0.31321824724259273,0.21931749614595514,-0.4464175272055536,0.04791928860822808,-0.0925496201405445,-0.6538142290115992,1956
-1.01889366462307,-1.3311810152941765,-0.8680173049239377,-0.14136440427216002,0.5256299164047922,-0.07846805126835031,1976
0.046613228503858115,-1.2938500314613404,-0.5304761492239609,-1.0357980932191702,-1.3933975757081025,0.3671956006556562,2002
1.7676554777897098,-0.5657801043094374,1.5590300349626875,-0.8227995282957061,-1.028615388541706,0.8855939638067454,2003
-0.9920289268186466,-1.0908695041867085,-0.9882329139080825,-0.3140619484421188,-0.46206512726257354,-0.20023629112688696,2020
1.436862722928534,0.3293573994596029,1.8362645196601768,1.796520583044866,-0.10722672024618794,-0.5784499539685048,2048
-0.6633814817677587,-0.44967405358575496,-0.3389995493326484,0.8622245047253794,0.701941062799808,-0.8115002547406391,2085
-0.33410928645162297,-0.19943049484621797,-0.2599618113547665,0.8382234658180856,0.2664523230994808,-0.8842271848819515,2090
-0.4995045166153762,-0.6538344072480448,-0.2817963412887628,0.2900132408992004,0.03713514542492717,-0.8836932382299343,2095
-0.8136520714848181,-1.2300958241402709,-1.076612507270796,-0.4100111666477618,-0.1290124341250593,0.11981929547139643,2102
0.21712406906215445,2.575575744289581,0.15563987441809668,-0.09997744229407901,-0.7082147551634023,-0.49364392246882655,2105
1.7445370009937335,0.4777157722918824,1.7674918493131868,0.4605781978373256,-0.2701572707955382,-0.5243549319725463,2131
-0.6603451414939584,-0.53323453569078,-0.914923517260736,-0.5906972435998816,-0.1328191837994747,0.9018270274406707,2184
0.3297745878118804,-0.6660264161124931,-0.24805852123714706,-1.017409452478952,-0.09629454342349454,1.6902127014013693,2221
0.13767152378946274,0.7527929957301334,-0.03871667106698699,-0.03754268731058075,-0.7488686471821168,-0.6893833961164514,2226
-0.2811806895367118,-0.40754187914185147,-0.562821223361813,-0.018353540830813083,-0.48126068931071014,-0.4065823247324044,2243
1.7166349877989386,-0.42745709894375905,0.8146428898632072,-0.24978172593279485,-0.9664395190439479,-0.7867946593903107,2244
-0.804836831732312,1.3977771018031437,-0.7987659220615395,-0.176708804485783,-0.7143260964432893,-0.6748167074371205,2248
-0.6834684360067289,-1.0279256003029482,-1.0239779465520067,-0.2990364368447533,-0.7477787566902583,-0.5466470842306739,2257
0.7470364660683075,0.24978843094105097,1.3885843994322968,-0.17739937823453908,-0.25424564738765143,0.4213246533761452,2299
-0.9416284784691165,-1.0099462932738503,-1.1208221907804163,0.2968913960176382,0.5046057698803224,-0.76607794817927,2316
-0.05589590194839171,0.25569613079606063,-0.4578289896025959,-0.3130673498328932,-0.21532163542602945,-0.19312640759383226,2326
0.6980889801121911,-0.6840067795118219,1.0103932647674394,-0.8689807014296116,-0.4022291871765582,1.8476563294174118,2337
2.9537990581443374,2.644173678534342,2.981705439905184,-0.3948878777960489,-0.5273578164455051,-0.4694943833059702,2340
0.9959265084200687,-0.7111241067178795,0.23300352513197733,-0.6320201393655493,-0.3319045288001437,-0.672536087687816,2344
0.7676684621438045,0.07098718597944703,0.08654508581930181,-0.9906658895613575,-0.42127129695187776,1.3926414902519293,2345
-0.763931260941135,-0.7166639987408182,-0.9696112652240867,0.22564067206967534,-0.6545649922656273,-0.2676649319453282,2358
0.7817171323844382,0.2487556646686855,1.329357485077132,0.5887689492914009,1.000817021937098,-0.6764698864344335,2361
-0.8494369434744811,-0.3206289087247109,-0.9851251844458547,2.651256905266737,-0.3691150636564375,-0.6747744403098,2364
-0.741470021850048,0.008113779380003778,-0.7480740557812182,1.7770926663388347,0.048152364419478476,-0.6316595756877601,2402
-1.4954854477456754,-0.03740755753884172,-1.1187415703111985,-0.8076905416986986,0.6929712570071935,0.31334509756496365,2429
0.0910862519747619,0.3663755150990609,0.10590630741158022,-0.056522027643348925,0.46847950826451956,-0.49608194045841936,2433
-0.6015611422551534,-0.7429939228580641,-0.707557394825053,-0.8246326719952612,0.8459759360618023,1.9064268466393957,2457
0.8107200021878838,-0.45618089356578007,0.775074450416315,-0.6612565371891781,-0.4741940254276408,-0.14621522047400054,2460
-0.0748330885813112,1.0878993750037318,0.23434648246322964,-0.9836076319392021,0.16508755501039776,2.5170272522129196,2466
1.4654258042966295,2.385788494559219,2.147984868152164,-0.6021379963946093,0.8390533698406986,1.168139230613076,2467
0.8656653540080755,2.827972482187523,1.209378270424005,0.3406085810245366,0.7373985042450595,-0.43818162811793787,2473
-0.006653264968847081,-0.489614593118427,-0.2862906405060664,-0.0781112039754331,-0.642134476217412,-0.21426446725166953,2480
0.7281831466086973,-0.0350518828930999,1.078183884165451,-0.8854041505740136,0.005400646079412344,1.7463992569137634,2482
-1.101917605605628,0.25787793337991777,-1.1529613283518454,-0.7610436996835088,1.2087558756214924,-0.029827663195209155,2486
1.1950535190765634,1.059070720305833,1.224195217853523,0.6799622448443363,-0.7628248632595375,-0.1688330303000468,2488
-0.1481203031501568,-0.1957217623096488,-0.2030244840343184,0.13574627251218854,-0.2586316222643307,-0.07194124920262664,2489
-0.9262947688198847,-1.426723554647711,-1.0360954466128351,-0.5547428778524022,-0.8532717208435696,-0.05416079999148598,2492
-0.8905521447370873,0.3177767317391779,-0.8587310296910922,0.35057482245849597,-0.18485742420059467,-0.7625154628502412,2493
0.01474124872923214,-1.0874076961583612,-0.6008499391488253,-0.7763140075652202,1.2812803102948171,1.399601186706457,2510
1.2811362858540551,-0.0019472234273168777,0.7992791229658194,-0.1647300797649869,-0.7571430882288056,-0.2903701867209753,2511
-0.6943521585756893,-0.9515534173545154,-0.9854416451882203,-0.4070723124600131,0.3010197021291211,-0.29939024990992535,2520
-0.10450934167389861,-0.20105621763275458,0.16599570947751455,-1.1446789830225734,-0.2919778443833517,2.1362364530833835,2524
1.659535742159316,-0.148847784778117,1.3282322823991826,-0.6561095014700428,-0.5799391578442272,0.5735960628850931,2534
1.3625375339409007,1.2757161070790741,1.6170560788310795,0.35500947416521356,-0.5695596285841511,-0.7318256552758813,2542
-0.9291909137403156,-0.6912293764368768,-0.8688563929337315,-0.1584140540665666,-0.9553316311532175,-0.371067699042237,2558
-0.2687431257194593,-1.1891836634192468,-0.5879042679422217,-1.0153954642314764,-1.1393403621735991,2.2116567391547823,2581
-0.7824320597410457,-0.9299489364469066,-0.8780458443830014,-0.19294960344521167,-0.5488644008436305,-0.13758025581045447,2586
-0.08129111113354502,-1.0669370078340386,-0.6751431745058928,-1.1507385190575936,-1.6072385057733674,3.72831034633438,2593
1.2527958815771616,0.23875890662901472,1.162237580355173,2.427587588527877,-0.2660353289436627,-0.7595224385802157,2603
-0.8396406411198574,0.2119661135555305,-0.98204736264222,0.8515572452178701,-0.2748509001472902,-0.7277926725093178,2615
-0.9771879242848535,-0.4439081421572324,-0.6239212113846673,-0.040723131994144166,0.9957375142203209,-0.4886164607716405,2620
2.572410943907848,0.2818965952901676,1.018710472438866,-0.5769133898982295,-1.2322129930813808,1.0727983323627832,2647
-0.7341294765085689,2.282636506602005,-0.7702472782925903,1.1734200821109155,-0.14773492915741218,-0.5949405554667002,2653
-1.3749386461376563,-1.6301245957768464,-1.3050366477069772,-0.26579993553000736,0.04333056516912757,-0.3687010698763622,2692
0.2603115049023556,-0.01921470839314251,0.39269462933035393,0.8007977473740333,-0.4062797821140729,-0.4595166305760129,2709
0.055600146644356176,0.07900011001800573,0.2203315351885175,-0.4471723465579734,0.8415680492496662,-0.7168647117377605,2720
-0.9256823340792608,0.37411775568003236,-0.7858944771980134,-0.6038570098911734,1.5798593130567176,0.2705483380673602,2804
0.13562755483845235,2.4458163597812845,-0.19067341025395695,0.4689985733292779,-0.521749009973227,-0.6351200371747311,2810
1.8205269264464161,0.010135796272064831,3.542743274965517,-0.5457612586365047,0.6667285821532509,-0.14103397714822816,2811
-0.1068259734585397,-0.182151337541732,0.08079158501826769,-0.9151740958265826,-0.6685736060289907,2.4932277067945896,2837
0.6205736449111233,-0.6062149250983228,0.42822837670472025,-0.6015108723507203,-0.7639614743225072,0.6030714074911517,2865
-0.23197511094643097,-0.3035127866401648,-0.3374115775012395,-0.7559458029019487,0.5017221287424907,0.526763916207788,2866
1.6394496611314109,0.8207729631198277,1.4220561451380822,0.6269504180048855,-0.36860238989748695,-0.6810712765500198,2919
-0.9911175791987954,-0.2547398273495688,-1.0841094053614375,0.7712590608733267,-0.4388387572037054,-0.8655111194736925,2924
0.8330485122504296,-0.41789550924853186,0.07782656048176084,-0.7589886864608324,-0.9652207159338685,1.5206951809751252,2928
0.08867332998209324,-0.3002752476868806,0.6619731714997091,-0.8367631826123876,0.47126292753802757,1.6453103917585594,2929
1.5602317860904074,-0.49389336164574626,1.5422575082286907,-0.565364900118357,-0.7120452462207941,-0.27242592488938455,2931
-0.9898902735077149,-0.16063252734183192,-0.5517164866218017,3.056644677310473,0.6530348287253528,-0.37244013107240426,2962
1.0175952554706607,-0.40887806659012815,0.7558685435372146,-0.14613197022630348,-0.3303302404616659,-0.5977624628680969,2999
-1.0476127335371845,1.3546979118063853,-0.9922646291753241,0.6194030770408558,0.33620718942957817,-0.6252474919922079,3020
-0.9794811173218115,-1.3344700680618808,-1.0865776793361708,0.3076130955108134,-0.8064805905289909,-0.15907306994363893,3036
-0.9074882456878257,-0.8783529468700685,-1.006393929120683,1.7072262225886856,-0.7407152138833848,-0.8361602130194405,3058
0.07040437629189072,0.0730027729218662,-0.1887363063549837,4.291731903514648,-0.2594425428056798,-0.788122268198355,3093
1.9726466277242398,0.199767738669118,1.1633458870330329,0.07250432697249565,-0.5518894064879923,-0.39561395565518914,3107
0.8333923520211928,-0.02221427764912649,1.1785927510319407,-0.5182317089401306,0.7190621472386521,-0.02539384391811969,3116
-0.01217555450396595,-0.22799879658307248,-0.2038072945389487,-0.9914874196183036,0.2108360871736912,0.8083619969964372,3130
0.7339539497479236,0.1361004775617281,0.7254201280727329,-0.5011374611628588,-0.01487556311225226,-0.7626387314689265,3133
1.1866779747851015,0.618966886487244,1.781713388149952,0.15210752029410818,-0.05697843263963903,-0.21197278777229,3170
0.39741123552086405,-0.5817917681203608,0.46172633976132377,-1.0338370199438323,-0.7181254154434894,4.267841442588746,3205
1.3199243085508698,-0.133915905744621,0.9185021604519034,-0.8780229612326171,-0.5088904358291592,0.51336668998153,3235
1.5730283166538852,-0.17228660315633726,1.4762657471815057,-0.8031790258836053,-0.848021585929219,-0.5135041204562426,3236
-0.627963907072247,-0.8872327282432192,-0.9045195647533858,-0.4301994625456491,-0.9110112652874434,-0.036766264064693126,3257
0.5152679213528629,1.1419708522482588,0.4873120693712071,-0.6666696274089567,-0.03699667816868551,-0.4003416397035015,3261
0.1531294642714504,2.1990358434095283,0.48468727643589643,0.12094333189497156,-0.22948709920677593,-0.8741293623427987,3267
-0.6379333709087033,-0.2842490866864779,-0.8544400957790754,-0.08753177800228279,-0.6696685914553688,-0.8387781339869711,3278
0.013991490336711052,0.5539597593330837,-0.3578911570373484,-0.1368814277836969,-0.8883581687232702,-0.29324183850875835,3288
-1.0888236533118518,-1.246206522109499,-1.1020583058073041,-0.059162789752956704,0.5076315029261202,-0.8458878633046387,3303
0.8125495266350281,-0.47061923971887554,-0.2885986466777552,-0.7573451068317437,-1.2153069975337156,0.01342709885151822,3305
-0.7975721647943557,0.46713948565113694,-1.022666991588333,0.5268062627101926,-1.0395349484200511,-0.7186132936813996,3318
-0.6609022460021972,-1.111826118237009,-0.8009980843089786,-0.5893270428031112,-0.8214052592984864,0.8367670250538564,3337
0.682265273089891,0.5252730833547737,1.1741712562964222,-0.5493501462967139,-0.1307533092757542,-0.3287586372619704,3365
0.19317386948584309,-0.16026214246032564,0.042067337717527534,-1.0403457912161995,0.25527796162782057,-0.22996342391607913,3382
-0.3713176664121302,-0.015376836074219658,-0.14348130983221385,-0.9167622972510086,0.2322036506058723,1.1814937602915134,3386
-0.37734526076705943,0.4529219764582967,-0.32838399575716815,0.7369480888555312,-0.12605634737390137,-0.2721088684482594,3394
-0.635702199421143,0.26647794464158714,-0.4770708557245685,-0.016277571607318932,-0.8532005059304011,-0.429845767122202,3404
-0.6928604873005085,-0.41113983136576177,-0.7705031878722335,0.4588646844373919,-0.6287469991063591,-0.5975872608011731,3421
0.3844491125809501,1.6137036802626799,1.207254928177183,1.1970611118190428,0.21602700575970457,-0.8557013798715415,3422
0.38590881350337586,0.17043740680338407,0.31133807493330584,-1.013899013419147,0.4645061158598423,1.1374224090500256,3425
-0.556888020494538,-0.9669927955277929,-0.7789253573030889,-1.1099868211848085,1.1328330872836134,2.170174185512306,3426
0.360914393621666,-0.5082178588571971,-0.03318119496924696,-0.6010366966938343,-0.4447120112535016,-0.28913682186360384,3451
1.4990736586651925,0.591444486429032,2.0342716445709796,0.6863829923220981,-0.2982179164561458,-0.41666264561366073,3457
-1.1349600402759719,-0.4043573342414629,-0.9957557384088245,-0.11819422823652356,-0.2681965417228412,-0.14596456092906848,3460
-0.13184119165519698,0.16339155426782423,-0.10463344313881165,-0.1747704759172213,-0.5088328027322395,0.34743810823658744,3470
-1.3225414157653563,-0.4686504542787262,-1.016329370580383,-0.33845388541047783,-0.06163458805627677,-0.02798422483218098,3471
0.49208179874368757,-0.2352204088280773,0.8698233970184128,1.133037039010934,-0.22223046825856754,-0.6561836199393734,3479
-0.7797736969809786,0.10117475927702828,-0.46873226221013714,0.7058964695879936,1.410193701873769,-0.5355690901405304,3481
0.5682711957217722,-0.4618889415110184,0.2721047881881395,-0.9654732818715743,-1.0700703750706535,0.6804235648886076,3482
0.549864867432362,0.4933201503969642,0.8308024429521716,-0.8473159543873435,0.4048928189024322,0.03249006715880512,3492
-0.265475256452716,1.5848233322366214,-0.3461335112587092,0.21375436388414087,-0.9005993991885719,-0.3008211281962653,3510
-1.174584513967828,-0.9658210995462073,-1.051889250917466,0.22568134467589573,0.2769775840582471,-0.6683930657398354,3515
-0.7039221799889629,-0.22701533190121256,-0.7141158634293007,1.1335479053293926,0.4586647479659445,-0.48891660599047176,3520
-0.6442602734508646,0.5108535921296767,-0.5523035680014942,0.6798518911630996,0.4124338026997705,-0.4798821222446066,3531
0.06374684528417562,1.9423356572305208,-0.1197660180529485,-0.04387387757370407,0.7873845679588836,-0.613837124390801,3553
-1.0341711830048899,0.4371410861611802,-0.8802998090047696,0.7440408733107186,-0.18694765294117474,-0.2850635322829748,3579
-0.9666849854078855,-0.40876581730786565,-0.9427130614713478,0.7142471379121791,-0.7654684005240536,-0.7799917507696951,3583
-0.9519101000574297,-1.1052650021701722,-1.169528021249799,-0.24140064951440474,-0.0954107252023393,-0.63990811585762,3594
-1.4293271506958378,-1.5205051120509865,-1.357142839795809,-0.6889676815825255,1.098138384316545,0.10295487602823371,3607
-0.5736568713244438,0.08438304234197029,-0.6387517375385404,0.5819268971734535,-0.46267256008440394,-0.1484350752026895,3643
-0.42817426379286533,-0.6308321224748831,-0.6187298176897769,0.23173598668576245,-0.8425707344179204,-0.3558442428085538,3654
1.5114897518246326,-0.31262721800292353,0.5404413439741376,-0.651496813752777,-0.9344633859127602,-0.4775042732887505,3760
0.10851581625932752,1.513627567567254,0.7696354103474651,-0.31957891671981686,0.0700905179316346,0.03230668048330749,3852
-0.47850838512899296,0.27516428770215623,-0.31776237861848894,-0.5141828556742954,-0.14236317132554166,0.6414743321613717,3866
-0.8289697951712007,-1.3792027387582741,-0.9579482016777918,-0.6767203352181278,0.29226165594407794,-0.24508197416993968,3868
0.06820717253793296,0.709223372624265,0.023399264059727577,-0.8232657076918365,0.32548368625193713,0.887371125497398,3880
-1.0985960734078577,2.808641738960194,-1.202715912887402,0.9167536945720194,-0.3098082830698659,-0.25463839875392125,3888
-1.0504515804737593,-0.6186578804389209,-1.0508986976702133,0.6250104608841927,-0.8499876730716207,-0.3874776403564671,3903
1.7563617962943185,0.7513285672735149,1.9649953455880795,0.649624641849841,-0.36195382945282356,-0.12228660113057095,3921
1.6160456310380293,1.0117930128536519,2.0580658999127315,0.5586935929073148,-0.28157731632540806,-0.8438981632847855,3922
-1.0932400901687689,-1.2479096676075416,-1.0744533563549927,-0.453230347615128,-0.15688437028139163,0.00509471593371,3934
-0.5329075068503998,-0.1330832801021999,-0.9097075599447951,0.39232853432419673,-0.28463567731236306,-0.5237039137777285,3936
-1.1602192154815907,0.3428948057784899,-1.0954144879418857,1.199143022080211,0.5908574049194926,-0.08267316552606212,3952
0.21763673368899816,0.06565238257444767,-0.11742624657597357,0.5867542840046714,-0.12610971724807735,-0.6470576134888967,3956
-0.2612565503979815,-1.0067964773289881,-0.7020380299491688,-0.22687312484248454,-1.0053559705023032,-0.05609358219184228,3969
-1.2033821050573608,-0.9208285311842503,-1.0196003010317782,-1.025537339587544,0.47203496252979965,1.890480853170103,3976
-0.8359981905558201,-1.0116255493877648,-0.7276137494726038,-0.2983263364859853,-0.2596205225010593,-0.27769531629717537,3980
-0.5306585634206652,0.26698160176573826,-0.776308597930587,-0.3262608103377928,-0.7594026021811611,0.05577425170289692,4003
0.01821619587019674,-0.8705482260000557,-0.42617626482321336,-0.87240608196593,-0.7248794336067484,1.171927548495841,4025
1.7332910718186334,0.2652873387397982,2.422991960928547,1.5812491255246357,-0.005926003718642908,-0.4578528124341094,4034
1.0217470430292204,-0.5677386001540888,0.7810777379442891,-0.3887116584243335,-0.20403533151818434,-0.6408599608195101,4044
0.9779283337698148,0.446292896355904,0.4718965163173071,-0.45449937582887845,-0.1824078941407451,-0.46090572237576555,4045
1.800564026594347,0.7389327803527745,1.9954395383402599,0.9754752932187748,-0.41893215574713843,-0.5857018890772006,4069
-0.9710493863657977,-1.101574418883549,-1.1983476497457395,-0.2895697789399507,-0.11678630811725667,-0.20756953988390062,4103
1.4082827679471424,-0.4238095830600257,0.2527335261053856,-0.7719509694111508,-1.1231700466607537,-0.6693013957599587,4176
-0.1505661418769165,0.03273697115421462,-0.37945134497044647,1.0310933705480938,-0.37552289781303305,-0.5143820893099114,4273
-0.7961637975106479,-0.15950482151360038,-0.971838808737958,-0.13580472068488364,-0.4182678722846211,-0.294588635048597,4291
-0.5827926187720855,-0.6321481430135583,-0.7404392856337813,-0.4040302661047383,-0.8448244244234752,-0.6344315138412961,4296
-1.1350911898529068,0.6363476855492952,-1.0173958918386592,1.1851298138467985,0.2553516388143647,-0.5600908282113183,4336
-1.1900446417279384,0.864601225530542,-1.043386063992828,1.2437737921344425,-0.05671354091592621,-0.6347722886517643,4345
1.8381322269931157,1.2844323668716495,2.4946401017921525,0.24631896014305754,-0.5088349451110576,-0.4687232767147649,4353
-1.1478679859877479,-0.7403877943429443,-1.296327719329564,0.14747147559810478,0.15090112612244486,-0.5540836534778097,4432
-0.5606418060544388,-0.0714819544705419,-0.3450075204051891,-0.9787438771009063,-0.2622780713498485,0.5221581496186449,4433
-1.5244186123823624,-0.538115171858364,-1.3778824173405297,1.0880797030480416,2.5292349116615394,-0.8079592700626621,4478
-1.2739565891955291,4.269400231584222,-1.2578477170127667,0.07452703785214289,-0.4298452868078299,-0.4800261309275483,4557
-0.12924657009400167,0.11719273006707516,-0.46654551334523175,1.1088653042660652,-0.5393886165208505,-0.5462334636347524,4573
-0.018578133771135263,0.17850672042005006,-0.5162216904302204,-0.2866205425095498,-0.7084867421233685,-0.5724200847011786,4597
0.5195531578681977,1.3642156752049057,1.0654835064206738,0.16209918094123632,-0.13316385499755423,-0.47215893090933214,4606
1.5006644631904795,-0.03369894060123094,1.5458127839342752,0.5869197266566856,-0.3149511608617746,-0.8449841276852267,4617
0.5029832281405504,1.4662807574352832,0.085589172302864,-0.7176201645178195,-0.06344190636916672,1.244404278367314,4684
0.49270479938043155,0.7360540214926179,0.7381464131450634,-0.4298463032790101,-0.008024189151594262,0.3892336627414575,4722
0.24148840570291147,-0.4637546165786432,0.11843640694698741,0.07493797898003056,-0.6339687163711684,-0.7354881474122499,4821
1.1166863016159743,0.9664113638508117,1.5022892198118893,0.9787280222205799,-0.6973918537232114,-0.8583746084370355,4825
0.8911234446328481,0.15968436022575339,0.15694495001902709,-0.9994015448683563,-0.7115597966970909,1.277615799632655,4836
-0.19122538441858666,-1.0400142571579218,-0.5694444358935578,-0.9298095863412934,-0.8643226341687893,1.641973052945699,4838
-1.2252855417425699,-1.0358808928810115,-1.2161582193124167,-0.3229016153377912,-0.5375584418378204,0.19270370174553025,4852
-0.38807221633922995,-1.0603870717363006,-0.7294428734215572,-1.0918085273394356,0.034999624097662406,2.380234919284602,4859
2.2447115817859546,0.3419057056856475,1.352664450975011,-0.7264822837803321,-1.0288877424834129,0.8429424858864313,4883
1.9764161156962061,1.6230286820927506,1.3658803227144685,-0.5780483696788605,-0.5667272302908104,-0.3083523303824119,4889
-0.5703556488996804,-0.7180524684848034,-0.8947865022572338,-0.8659362603165001,1.8397956989833384,-0.5553654201696523,4895
-0.9014569810263094,-1.2165002407359575,-0.8360385564801822,-0.43215869422649655,0.09253666766458372,-0.37207274327417633,4906
-1.5602312728716872,-1.260270246788897,-1.4474735659982327,1.6087248534399872,1.7662752582757617,-0.8496676402017768,4920
-1.3286081930688152,-1.0236449406198593,-1.2780960713410954,-0.4806092591312581,0.696071328310409,-0.20030552815197106,5044
-1.2722056485227804,-1.0358662539875787,-1.3601380950579927,0.03476208605712563,-0.4848560804015339,-0.40504223223450897,5071
-0.25020109857662914,1.4163589551312343,-0.510247861131349,-0.14501950479004644,-0.9898091527638136,-0.8549577699944461,5076
-0.8150903893532564,-0.7072093170908638,-0.9982201125746816,-0.2888016131268041,-0.9334012027163036,-0.04818373742733921,5077
-1.4885109386394133,1.0425142682357398,-1.411667872826413,-0.41032223162164794,1.6170913406241845,-0.7879442533057338,5081
1.8007737979047058,0.7497727364535139,2.2410158059653904,-0.2543050152756688,-0.2096625447025157,-0.278604198925815,5115
2.179111666542965,0.5662471402828713,2.715555633713282,1.5397963278928288,-0.48801870230554384,-0.870163485183117,5128
-1.3219754047679486,-1.5877254039876936,-1.3583883994268966,-0.039938030416683874,0.2631606019733949,-0.8677499811682111,5138
-0.21318237608967647,-0.6130841479978205,0.4786291347148115,-1.1115470611498852,0.6215373392600934,0.29784027194455576,5339
-1.4258580220644461,0.2253301043275301,-0.19588032346522385,-0.7045490720035796,5.56133719663058,-0.8327973488643095,5469
-1.2237272865372124,-1.5657234945621004,-1.1663918887434401,-1.25973898264355,0.2278396347528207,2.305506674934942,5480
-0.2586033536984279,-0.48193077691821806,-0.6522179189537392,0.9529996409564072,-0.4979320420287792,-0.7881031230154736,5524
0.8738606085206158,0.3337676454740642,0.8319223082335108,-0.9635548006694921,-0.7037991484068317,0.38535229293778994,5553
0.3993129368235365,0.20467771079659328,0.27658370438055097,1.3483557891757147,-0.44449446498522627,-0.466802530864333,5711
0.43972436565184575,-0.37207718982412497,0.2214685367177736,-0.312635963630143,-0.3944687269700603,-0.5022275415544882,5729
-0.7190172602972038,0.06633968108158465,-0.9484872298812574,-0.15804863212161122,0.09245374911031068,0.3567231424852249,5808
-0.17658831155659607,-0.7616693694725769,-0.6499361370953964,0.1992151901972057,-0.28412946401215006,-0.6879967340781042,5827
0.12296307258137884,0.10959661886111792,0.3726929584616949,1.6577760540870607,-0.20269070698164537,-0.6110277171889746,5828
1.649670928325864,1.3787240898026263,0.551033022510341,-0.7769690838376729,-0.6227701569529778,-0.42682032023621874,5857
0.576925870174325,-0.6036597115074371,0.12757128304390286,0.1075296779685876,-0.5736608371818323,-0.7292484954749056,5925
0.6647331231871716,-0.8915682956460811,0.0005014606050917185,-1.0615313123427625,-1.6052570493493175,4.651577381829062,5997
-0.29333765305333864,0.24391656083556265,0.14704845566999716,5.030251366017006,0.27936673407439283,-0.7950153304496326,6004
-0.01317315723946849,-0.7391410602586826,-0.3004180114507005,0.08107924474239779,-0.5354220213545803,-0.7916430944391966,6036
-1.405512546864018,0.297691301285686,-1.373634084548593,-0.411722179141979,1.3014720070263817,0.3281694456069484,6081
-1.2651062333332528,-1.1724362230182268,-1.01966375223924,-1.0145484102031377,3.023093124902871,2.6562330099599487,6117
-0.7568353837460563,-1.1389441462558096,-0.29013902166560845,0.24080191949235485,0.4248997577682955,-0.47548629024642075,6154
-0.6456008031431045,-1.0874176660511745,-0.8663159111045984,0.14110443812038917,-0.17631319730879064,-0.7412189928315517,6163
-0.3420309048472655,1.40244725183787,0.23613932717570338,0.6695592881752143,2.279943500582828,-0.2556392188313766,6166
-0.538650079266092,-0.5170943372654123,-0.01980671555803064,0.3215188822806948,0.8371699942890942,-0.565151725428744,6270
1.6029832659174652,2.075394588791694,1.7751181296444292,4.077141631094717,-0.2518320344904606,-0.9144660934359479,6327
0.5819868995881964,0.5632837891030145,0.7870824413415919,0.3542451164778329,-0.3588730404485205,-0.31688109531134284,6367
-0.3899797193274593,-0.45441144029114977,-0.4653277666609749,0.4305549791890673,0.643227645366127,-0.8958180253356507,6394
0.47696938596865557,0.08818302105949147,0.5328638343026844,0.06641388177882734,-0.11905079333649572,-0.8036250822349211,6435
2.3192361846227683,0.14533812364181872,2.2930632119673366,0.2301025886160974,-0.41518537027577107,-0.6465698641018522,6518
1.934680219802852,0.9109936865402896,2.2222305376634948,0.3079766429201799,-0.5272254447289534,-0.3172610858157014,6528
-0.5743285907549867,-0.6813781234084112,-0.6981561955703192,0.25668838023110907,0.2013492778503445,-0.7314172161185455,6539
0.7655439682306344,-0.15404641102803515,1.6726405363929762,-0.8121980990297477,-0.021760050827854167,-0.7489067505586149,6637
1.1582477240273492,-0.08270960984110491,1.7078929378105,3.1944065950618272,-0.20285211965731312,-0.6705695407626233,6651
-0.15752305918213247,-1.0737827135243019,-0.4935320468885076,-1.1145975229394136,-1.5588451861517092,2.4765531107763206,6662
0.8998858815127154,0.02743717696103769,1.2389926839896082,-0.9764500075516332,-0.5846035010798075,1.2566354608456074,6696
-0.16497048333599146,-0.13771430678543523,0.12732419358177063,1.4906820162890269,0.46703503469853763,-0.7994352708339143,6712
-0.7511919583108831,-0.8405538644436226,-0.9614204798517715,-0.23599614475414432,-0.41404919359439935,-0.6081155565014223,6720
-0.27663769547185213,-1.149597190867663,-0.006389457374376042,0.2552078469540705,-0.6808557292329425,-0.5951143344050707,6739
0.5160163374411086,1.2630813035730157,0.4169617508291952,-0.7483468603785399,0.28467681285338653,0.4747684247880833,6822
-0.7837059307366048,-0.40190526141385763,-0.6170170294993804,0.05430235760130652,-0.45658496170626905,-0.1259375509792684,6823
-0.3015434949403034,-0.5706942612070607,-0.01672593019113874,-1.0632315844361304,0.3332485539226419,2.383875858133345,6833
1.1603617395127177,0.5704762260069812,1.7824470880480916,0.690412377401486,-0.2444962880785081,-0.8053768957206151,6883
-0.6989287616610999,-0.537262661364949,-0.8651913436940063,1.2744841370114153,-0.05214181133411418,-0.9213908854698999,6929
-1.196619256006477,-1.025188716016623,-0.6866200870941528,-0.5204461271938878,1.305709597292244,1.2480313062407575,6932
0.5569908403406553,0.10126174249297777,0.6445633089649178,0.016035486235083753,-0.4559288838617214,-0.8483435040764421,6963
-0.9561022784042136,-0.9175638467889413,-0.9940534164168664,0.04170446733993673,0.4598867656394365,-0.7342587939251417,7066
-1.0027670669741076,-1.0331366213623052,-0.9266767898358729,0.10686654879489828,0.16351356083651625,-0.5343790263526395,7077
0.35467100031488386,0.6842029643825001,0.35779196277063396,1.7186020128546684,-0.4704657543325612,-0.9162937121042859,7102
0.9826659055427905,-0.03788980682067823,1.5731235090093378,2.2692619405241183,-0.205986541592344,-0.9166718363964198,7117
-0.9557241928217022,-1.115461029862062,-0.955276932784652,-0.22315609165018319,-0.4208738610531371,-0.40645340297100513,7216
0.36313502547196747,-0.30765288182902284,-0.059633223295140196,-0.5912132811275451,-0.03204002358747141,1.0367928564707642,7881
1.470508816592485,0.5722436775447758,1.939691917697706,-0.24751227759886288,-0.18771035094055363,0.26289975047327924,8039
0.07764023992689444,-0.44612348223152737,-0.2968518715658698,0.42865449867347954,-0.40521034909546627,-0.560207997616654,8257
0.15837970115710354,-0.8690623554074945,-0.3076648703494981,0.09807081770024165,-1.0724690685919598,0.26521494155128134,8363
0.060841961181148325,-0.7661110437125952,0.8050092113435601,-0.9607224359692482,-0.24819518682928352,-0.37826370315005203,8437
2.852107549892998,0.19982381785971834,2.5954272292786764,-0.7187867890755506,0.026352965392328686,0.4208815966963429,8641
0.5398439309133749,0.8848022299441702,0.38312133324920905,-0.6524863349488425,-0.391439247088662,1.1386617924508744,8663
-0.7770220752674698,-0.774541241746619,-0.9755365143057585,0.3633609688068218,-0.013737010067803288,-0.26152919914943146,8772
-1.1288825697963825,-1.104615240669686,-1.039170730496342,0.023998126767728927,0.18437612689334557,-0.06670270410186065,8786
1.9522084766359031,-0.0628367227923124,1.8674796973141048,-0.4394085579085792,0.9107799411085153,0.4408194416952551,8792
1.9736368237485715,1.8840706616272853,1.9295726749667006,-0.7834667169564663,-0.7057467234366152,0.4127864540703002,8814
0.2565739461470827,-1.0018967344351264,1.0021342175287762,-1.0534411944095188,-0.5467052187178084,0.37936741209928343,8893
-1.0263079677917761,2.2088527016311676,-0.6494578324981173,2.452509215504589,0.7677029668337769,-0.4296291345591517,8931
0.2884936369604747,1.744328899782486,0.6927813315420984,1.1253860257004482,0.015918059653740636,-0.5474034458879433,8981
-0.11373673793195065,-0.43705838635888195,-0.4538748373904245,0.12353278749784433,-0.8810275461280653,-0.8244699832733812,9014
0.37337016002568546,-0.25694091632578464,0.4853096978803581,-0.5301826257204185,0.021988993343292768,0.1548710054120918,9138
-0.7435140499934279,-1.5431498916124342,-0.5634298722370227,-1.104894623083299,0.22153752671862983,-0.03953909675713007,9290
0.825450690225991,-0.664979359825899,0.9729267240653154,-0.9866140907678489,-1.2802360768040502,-0.592300787147504,9350
-0.13475020493617737,-0.04312166442181048,0.9532498794727353,-1.048941808940523,2.134951222809922,0.32336165203315254,9351
0.6368083930151548,0.1835250962432395,0.4485953960171651,-0.16316583866333645,-0.3019516871583841,0.24193387902691493,9395
-0.0371299725273452,-0.40114558653223975,-0.47483490492256303,0.4085821805094142,-0.7569558360597014,-0.8186735995662299,9522
-0.19363814407058558,-0.2725921385546436,-0.5170841218188806,0.24762352429353066,-0.37250520963036693,-0.7537736655435415,9543
1.4571479199875033,2.07044061299908,1.6063571827050114,-0.34863186854000366,-1.0848842586456826,-0.025014643478373247,9712
1.142291070522453,1.1437173390934623,0.8248927694730253,0.8018478801058122,-0.49240462523378375,-0.9042425328546684,10111
-0.23470520896649086,0.3615485929959856,-0.556561093955084,1.3094223463189267,-0.026509620947053676,-0.9381273738475309,10138
-0.5239718598108739,-0.46766545047061414,-0.8906250938354427,-0.9243212348113353,1.0639862564722624,1.2818013617173847,10144
1.5432314859465877,1.8426802430889984,1.691428429932792,1.1064481276639473,0.0675871436036621,-0.44586910546615205,10242
-0.011050015891166836,0.765006479741762,-0.2940608790694665,0.6828338188764294,0.2524729523954162,-0.41992268952757794,10717
-0.7123793223038253,-0.6661409693759761,-0.7296347418843738,2.784298695055666,0.7045669629548406,-0.4275429207017565,10749
-0.4376879507563175,0.05623159135126475,-0.3631355154849344,2.186081846040057,0.011297214936529958,-0.7513925107472805,10795
2.6429238966894557,0.1645874721941999,1.8010764286940881,-0.5738139747942419,0.09920056046847797,0.8703522399315011,11041
-0.6179598861221907,1.1122798918505152,-0.6432212141679166,0.872038996261463,0.4006975662883246,-0.7348051681085264,11688
-0.6020793493205117,0.2816989229184288,-0.6069923672682788,0.5221112630769275,0.6114162835220552,-0.5599054543540205,11808
1.1844130157329804,-0.4021169156333977,0.6242400007987995,-0.18432660230483022,-1.2495356934559154,-0.47750679319706646,12022
0.1868820006187838,-0.30141963606866784,-0.0059635769515087094,0.19668405765520222,-0.6184098985244676,-0.8458639611563259,12084
0.3381039900726371,-0.22271059629401385,0.05238340428081362,-0.5850062081079715,-0.04914953475551263,-0.6045793083615837,12090
0.15436431263727185,0.19259491541860127,-0.09842346953486714,2.540714284264828,-0.24689414271644736,-0.4806008464173963,12384
-1.4571350901833655,-0.5233379275219787,-0.9034770063226588,1.88533926761443,2.2642698738747837,-0.7045234619470032,12696
-0.8701599400574727,0.4888364876641593,-0.7956614924547744,1.3603670128290155,0.5608230124470722,-0.8467968785627853,12815
-0.5937448338726717,0.5477618470030235,-0.7043127869705575,2.8292666115973883,-0.18371457261155988,-0.7769747699175147,12826
-0.4896718953947761,0.779322519098079,-0.40908865427605373,1.0477761953303082,0.17148143936738072,-0.9391019931010269,12837
-0.46051941072258806,0.04143416789529363,-0.7629383899023786,0.7289717258909073,0.4603722171259842,-0.1948480757360784,12986
0.874927146066657,-0.5063133173796832,1.0726818717689854,-0.39639609884801025,-0.4859928135757049,-0.38879703203556687,13017
-1.0229083061428244,-1.1948429721477327,-0.7718698739794131,-0.09741245597844979,-0.05460659694954032,-0.051174663245684884,13039
0.3722598779812492,0.9488088712235925,-0.1615080352598521,0.0014376390213070415,-0.45129393160739967,0.030721723977066184,13239
-1.1219697962926258,-1.2928918970931218,-1.0550202720885382,-0.1632476201120548,-0.38929633471252145,-0.9054962080100076,13463
0.15723225363003482,-0.1558526632818253,-0.05324583833287453,2.179947771252863,-0.6598193531265342,-0.9355373238700152,13622
-0.28247146843239873,-0.6704674789204607,-0.5014179601672898,-0.8723988584979172,-0.4123553385380451,0.1473642841272587,13906
1.6492591911104648,-0.19678974004523567,0.6665956074572752,-0.7320614869584017,-0.6628638956240421,0.42744351593796326,13988
1.5982193472463162,0.5850696134528384,1.6433160435349674,-0.14933101086527256,-0.16418367641464796,-0.653338842620523,14066
0.11922861764540352,-0.9794957537152285,-0.5651311904593841,-1.0496388767129985,-0.7643146143723374,1.5513769148965133,14157
-0.8342408604696313,-0.1485163806700816,-0.7428415366633461,1.2382982427207199,0.10744808826526775,-0.6015198879100626,14195
0.38808093429699614,-0.1658189740972297,-0.007255779880909309,-0.9035284749230525,1.2274053262376823,3.078222942312167,14465
0.33654256945794386,-0.699308869611731,-0.43390649486993843,-0.6603525593305792,-1.3386601797416293,0.22601416007772315,14504
0.16746659273818326,0.005574542261601508,0.2544339343922693,-0.7705964822763571,0.21339110412073878,1.0007105139194423,14515
0.4600949864334824,-0.29009382395149325,-0.23942530829932657,-0.8574277097260127,-1.0685940032692036,0.5276100297115748,14704
0.05258314383637522,-0.6238435153139559,0.1031937012323628,-0.9628604418461406,2.0736431240583784,1.6034174890083148,14814
-0.9731981825810756,-1.2363201851746801,-0.648886722446119,-1.0729580103160197,-0.05106010121716451,-0.8914544913962631,15397
-1.1035961680668642,-1.415781011507468,-0.4516549637737055,-1.1612621741174207,1.239144519044594,1.7247817152324016,15401
-0.15300390983511722,0.1452442749291906,-0.30123861059819895,3.9027190723549414,-0.37846382118812233,-0.7929765087447167,15562
-0.4980130695236461,0.477352975747717,-0.9189096442297451,-0.27013175184842114,-1.2772175672069785,-0.5084969524247346,16180
-1.502547239847122,-1.3934893600601768,-1.1454744596615671,-0.1384917190376941,1.6385946155057292,0.0037573835084253847,16185
-1.3403305407936266,-1.2364668746417928,-1.2030473666877877,0.603592118994383,0.6537678117609704,-0.40186218289440623,16987
-0.6125470775080482,-0.049609645460009254,-0.6724506063180231,0.50782362730197,0.12974489557606844,-0.36965247949506946,17273
-1.3941206201314587,-0.9295918917877456,-1.2631094153198392,0.33084635795741646,0.5381483095601096,-0.31317842035755383,17306
0.8480452107434251,0.48647810965540833,0.46819582690506606,-0.8034658783953406,-0.9750828715657553,0.5736312029197971,17414
0.6486343993564972,0.0822253315943951,-0.0001600572709223292,-1.0209183966986362,1.5749164567889817,-0.8274637638550542,17478
-0.4081581260934729,-0.5700944665275112,-0.11145752272824229,1.0733181680159707,0.36058698367270986,-0.6179828174065434,18510
-0.8827056367124315,-1.48112566055286,-0.7297556172144943,-1.0600459828434516,-1.212807178976574,1.1050760205754444,18777
-0.7472878539679196,-0.9131193203840543,-0.5523766018776746,-0.8210664035886642,0.8902016221791882,-0.7020000202444062,18918
-0.8375410441198565,-0.9976208303699204,-0.3399755351539216,-0.9787477015343525,1.6337222118936137,0.503670574336468,18919
-0.5534057930056905,-0.132139587238911,-0.5513632292203329,-0.614090034097382,0.23443420975283416,-0.22792290162424605,18958
0.0032617874681766623,-0.33719486266329635,-0.09799604816489835,-0.9223833438046503,-0.8285629685129485,-0.7489633617888217,19024
0.4398852482473924,0.4574188777706726,0.4125893238958559,-0.39545824806561347,-0.5767647137467725,-0.7316078380601326,19057
-0.6936473765054975,-0.36826356907852603,-0.45425018376196086,0.1914319970621122,-0.12415696584213824,-0.029178576431938195,19211
-0.6206780925899841,0.03013374157030262,-0.6962229295992093,3.2551521147177027,-0.4292084709165292,-0.904645640856041,19583
-0.5791551855527083,-1.0505939159684328,-0.5099061657406428,-1.039954718994956,-0.11019610694644329,0.10993591755642526,19592
-0.4949798658798468,-0.4307179879395561,-0.38354065998196196,1.398605988716251,0.11921927552802263,-0.8343693106985642,19722
-0.5055006212056129,-0.6482739857544587,-0.6732117917579077,1.2242996082597064,-0.7485774233137747,-0.8814858088088046,20243
-0.08041613931145195,-1.093659200655296,-0.2609750532346589,-1.083399327841218,-0.4906022195994801,2.2147539507421854,21205
-0.6188120509031912,-0.4206935260597552,-0.6211275361592373,-0.5206179695243002,0.302811310638947,-0.44937875099996416,21210
-0.9742020628091034,-1.218685811575232,-0.9470032473866734,-0.1702837709744552,0.7494922418637818,-0.6669133870936166,21537
-0.06518910275282892,-0.1924386544766748,-0.5199676423832119,-0.48700191313250724,-1.3687812420007404,-0.06538597284650344,21997
-0.640813105040275,-0.42560308921356726,-0.32790482397014675,-1.086727750016369,0.7882501249448406,0.3100822836758539,22015
-0.9207804880944611,1.0260011465322258,-0.6887277847462592,1.0651757441144962,0.4217855503217172,-0.6492950151015292,22173
-0.5388029560144217,-1.3502318684623245,-0.7050108309692671,-1.1425368053825302,-0.1949288192389201,-0.5752138374741304,22307
-0.6892232655950254,-1.218699709627993,-0.7737954356531194,-1.086567729839499,-0.5944252785451517,-0.4574203537057905,22316
0.38717153933629916,-1.013921341405142,-0.25484284312340105,-1.0705907074464958,-1.18072320136115,0.6360065291982724,22746
0.6894090858349379,-1.0062734845674972,0.28023393820226905,-1.0021813843876917,-1.2107206222470244,-0.7180086236503815,22752
-0.7450187610981575,-1.0197142204786516,-0.5593286321108347,-1.0433182324175982,-0.8977338717281937,0.4771065245591742,22977
0.22759173901010618,3.7804456724783604,0.38554649051280626,-0.9762254623859632,-0.08492136039379641,0.9549329506656833,23300
1.0760542299366191,2.4884695502616405,0.5186714323216124,-1.0188722124655525,-1.3737046146800416,-0.8712534662764342,23307
-1.200121088335475,-0.9975090478812232,-0.9776421204765209,-0.4028237344991521,0.3443957620273253,-0.43379880470691895,23531
-1.473236610910295,-1.348751018530511,-1.1323307577138328,-0.30543711832682247,1.797342377151856,-0.7773944644983715,23594
-1.2480363803126084,-0.32224146366075357,-0.9822354765764223,0.05453873442363537,0.7629775361582497,-0.564393588400131,23931
-1.0988762598271078,-0.67468227074312,-1.0332357441446753,-0.24366757679158796,1.039800859366377,-0.4821595203160992,24342
-1.0717021623890803,0.38453846988824747,-0.6297952175838109,4.094749126249316,3.3837600303059716,-0.881722864720586,24668
-0.9429267414988299,0.0021566577675770342,-0.5317784077658163,0.6031163608272772,0.9328923369891743,-0.5593463564327782,25037
-1.2253735396996164,-0.3507248146846344,-0.9599374888775692,-0.13503435697892405,0.8247131208538944,-0.5118923636772535,25054
-0.5158280871626416,-0.16491632437527118,-0.7519933884560058,1.4669982367501373,0.03945455403253982,-0.7146436837754941,25421
-0.8626625673432596,0.034787362269890106,-0.602185789381512,-0.22147494160983475,0.605837260940528,-0.32011706609668467,25448
-1.297680983107875,-0.6428428186342283,-0.9588892447071075,-0.47566970090562466,1.5384829235414514,0.07301798312355706,25619
0.01896169724527129,0.1509793644448655,-0.12132323857257116,1.0037391101758708,0.18314029467565315,-0.799390215747169,25927
-0.915996567439316,0.42473230101341497,-0.7960975254483273,-0.21000652891786017,0.2686560819670716,-0.4984857331663986,27144
