track_id,speed,speed_max,mean_turning_angle,outreach_ratio,mean_acceleration,min_acceleration,distance_traveled
6,3.8277747468875174,15.422912820186221,0.10312060034364816,0.13634203886180293,0.2941418625652974,0.0020115422253549403,3133.9486891606502
14,5.3664899042395415,16.41093403822915,0.1593540217540497,0.5927272915246956,0.3954132789150227,0.04024493023794292,1364.3195539952399
17,3.1236326869339757,28.77432704395062,0.14517319256537237,0.0830030297520368,0.2532199983004046,0.0007463630997849043,13529.000364651845
18,1.663800382266744,15.225458811686032,0.30378930916901786,0.027138569484897214,0.17913440459404484,0.0006134138870862694,21258.660166860187
31,4.150165162922091,17.482277303644302,0.1390075401261541,0.05616919075009698,0.33733295021704646,0.003294363119279374,10019.62402567931
45,2.8739463850695692,18.52320077473148,0.15649902201183635,0.06379664171326294,0.23537027051115836,0.0018423133388328333,4172.325737447851
47,4.356274561822695,17.268440868536985,0.16255302884022318,0.07237379356860262,0.4080311733258008,0.006512574048414691,8767.612017360267
56,9.539882903745777,16.58570646330363,0.0772162374152214,0.2779873831852826,0.5240192220917084,0.06098003422785794,1529.2680949406385
82,5.0036192160773005,15.32626181508738,0.19887840839191684,0.03572077099875467,0.37902051014293237,0.011643418434911134,3068.113909716706
83,4.25477309828431,20.437049104341945,0.34619002921624253,0.03557467394041266,0.35876706627867877,0.007926183696554874,2500.0994944144213
85,5.6028742537474505,18.571640105699473,0.12191442836163306,0.046304542697578104,0.44421911730756275,0.0018756570730070442,9306.410867654304
97,4.469453780570034,16.99265223912564,0.09274790731094823,0.20339243166974388,0.3024833394913816,0.0059928959710866024,2615.042269617096
134,4.587095751918514,22.893597351546493,0.09817720697286686,0.004801158667373977,0.33461769357879056,0.007935653622662199,4380.774444385949
136,2.1534329264061984,14.043279365978933,0.21246090466965464,0.23389336348594492,0.1923900875261528,9.48347854348583e-05,5455.451806156092
137,11.005271403355982,17.649784331585092,0.11241342459802774,0.7176695569341924,0.7582341894564347,0.011524622780446926,1715.7768356496945
139,2.1779314513746986,8.326430875052974,0.21954729969428916,0.7595524764392538,0.20636927072589184,0.006502075114607955,1036.4192709034135
152,5.221559160156026,15.59835124767274,0.19312285387465844,0.1302313172870562,0.3564514449707769,0.00278323003449773,5120.691959616891
156,2.7651161234289017,41.21560654074839,0.22665758725492186,0.14232926343258182,0.2650437850488125,7.524529689593639e-05,5339.6097406095
164,4.052496459588055,12.998458797167563,0.16994927173718383,0.30632355682464485,0.2429600326985806,0.007644748063774849,1202.672857883337
173,5.1637130008661,26.600363888709285,0.15934387292304997,0.43579527517287303,0.3820368431864782,0.007072042000824523,2086.0295442358874
176,3.9090593452673357,16.83041577615485,0.237891561288204,0.8371804408982492,0.376310497625786,0.02042017800146263,1249.9666400964156
177,3.4245521794283147,12.597328380462415,0.17154339487891423,0.1901541818265328,0.2426715685400091,0.0018617916850368356,5616.805677959576
178,3.9808659292870843,17.554302496345947,0.16506562725315646,0.08106552294518389,0.3355091060882798,0.0038132961438926256,5111.753036607822
184,1.8208885908019639,12.043842737394995,0.20836016854969802,0.09187156913582198,0.19446695996886956,0.0041486506584229345,3145.327313041743
186,4.012153731297545,23.326004217044428,0.10324052177242501,0.06877421147837715,0.3284345588269611,0.006836478774624633,8567.485051302527
188,10.986950935988824,28.293555892704415,0.11467665796310314,0.010228486292178842,0.9458641154596684,0.09153076396376056,1294.4067614882613
196,3.1611392919468893,15.249282401559213,0.2525040002303833,0.13154506523401402,0.3027200576458588,0.0009470154374457677,6726.72125409908
220,4.281616780175625,23.709283308771017,0.159178061009856,0.27878421048665064,0.4148763177860903,0.017559804715409112,1958.1148462103952
228,4.473680397630239,28.944600171133775,0.2380458867130532,0.21226910214313366,0.36917934386803464,0.007251276934551069,5676.76107255149
229,7.992334394868644,22.92309707326983,0.07884646166509539,0.40857394964795285,0.5308766613296375,0.026977700555249267,1790.1279135385976
261,5.662123859308703,42.14726820034478,0.15010366602403857,0.035071462388962256,0.5194225311850912,0.008917376705211671,11741.039365922154
269,1.416686662641285,12.84549271487657,0.21774516059555787,0.3740640724058601,0.2515202925143852,0.003998539475760414,845.6856226414908
276,2.8690912717854644,20.48380728689487,0.3315382898522279,0.1762683993054855,0.2878328701026306,0.003006583474574362,2227.9417764750606
277,4.220434031155223,15.09812332609159,0.12203974799449069,0.11222707109487322,0.32935501295262015,0.003551746928173937,3581.6643834532883
279,2.3475390315765026,18.252775248352204,0.4365769424397467,0.529991474841128,0.2180755984293354,0.0030952800961240906,2433.438160182462
283,1.8253757961790944,26.306955705211614,0.554262683853708,0.3078354999809075,0.24404693491898596,0.002889761123105924,2346.1531930563165
291,3.64001721779279,12.453196018352592,0.18711873522812683,0.061724415196191894,0.31918655781162,0.003584679472642673,12494.73000934906
295,0.7246102684689305,5.054401786968735,0.6021878453627515,0.5328498371943595,0.13858034114458853,0.003828909433708759,1085.0030962427422
296,3.6523308756891755,14.750386820026925,0.23430383673661603,0.15163623354644556,0.332780488505427,0.003929284283576543,2413.881801999705
297,4.795006214662813,22.26790608332512,0.0608009686808682,0.3239738674596989,0.38798757939373085,0.013852654110919349,1679.0231265739644
299,4.61961791512303,14.70420139770142,0.09377888085759824,0.2838991868117872,0.27023959654753044,0.0036384797101605432,2386.537318402715
331,7.814740544795518,26.209018624170717,0.06948839632937012,0.19885149888213197,0.4746233628434932,0.005027689667593789,1591.49005689275
349,4.60971841808732,14.944082968336893,0.08625445555459112,0.3717724398525197,0.35823276176707786,0.006112781909340584,1816.6763249508053
353,3.9366767536463763,20.941694839225576,0.14193178207392845,0.016952535464895356,0.31916434392038473,0.002660769844424798,8484.93700032365
388,5.054094799758913,11.57062496037646,0.09256824705962532,0.2509614224465524,0.32903012619455513,0.011005134442968486,4122.26349850113
396,5.889025276290567,34.73889613906052,0.10170544558225565,0.20798366524920647,0.41389930665258823,0.01476295717420043,3073.699191157908
400,2.65181356496626,13.295757219059968,0.16046290523105275,0.07845510664158735,0.2087816005483017,0.003365498911325174,4317.9979686109555
416,2.592307334473377,16.507217315362638,0.20953070274168628,0.23255969833877677,0.21827948769758107,0.0025917021707449043,5159.751256787411
419,2.948884071513923,12.695362115846352,0.12688174555754195,0.13374252890812577,0.22082067987960846,0.003173905011970268,6871.066047845154
429,4.952904730377781,18.035318540481775,0.09755839511284277,0.3698199571857676,0.39689549518725264,0.016479409242800794,2637.506458591422
432,4.978076241799549,18.533051066494814,0.1493542445063182,0.005279553511896228,0.4774737096452387,0.00018416736025157117,16932.07491537762
434,0.47144060628031603,3.6193534104177076,0.7114263176236058,1.129722882464333,0.10093647163490904,0.0056863322524814235,336.6360817666452
438,2.951531951386192,22.972696916886928,0.9023611753798905,0.9089696980233266,0.33768382508704764,0.011189955434703733,1781.4179484847136
442,2.2938346931940954,16.472755861012015,0.26302761290676524,0.013642200838416678,0.2133936067557985,0.000636084267665913,15297.693507522392
449,2.0167114701458537,12.823420325324095,0.213040896319596,0.036143265893326254,0.21407198858847304,0.0017221805231198975,8574.876335933848
451,4.66865814839766,30.78005737915174,0.23184855535025914,0.288464972286161,0.39255831835941923,0.0032359584745709383,2958.2834997748096
454,4.735830763831865,15.870322735650497,0.21436677908627824,0.24938855280932795,0.3841221572656931,0.001449191179810678,4694.8526995966085
476,5.461683530567618,16.783004478256615,0.13868268092034802,0.059812294488690985,0.4446876385211759,6.689433875239214e-05,14394.179893875385
483,7.202287614573921,67.08912068564861,0.0929168924157056,0.03645139167342088,0.5780938805126515,0.00037578296097749513,5119.012877937224
484,1.1775214598844403,3.769185367369371,0.1957314932756341,0.1967875673783958,0.18237079568924242,0.0036322781767809086,823.230408679018
491,5.740970409642455,17.391694988289785,0.11070977889016118,0.22584864738730964,0.36609701565889674,0.009712323108050184,4676.858830853589
493,7.387823301028084,19.074198891815293,0.1862386125438334,0.4082117808226567,0.46420483391795087,0.010215006480739726,2828.6786709396188
494,3.275614306608901,23.56700403523133,0.21484292974140748,0.23225580905703927,0.34064684166741743,0.006813711802469483,2869.981472806941
495,5.078428409821573,14.582442118735933,0.15340268299115384,0.0909764059228572,0.4771923906411624,3.4881642871704486e-05,12692.318645142721
497,3.8969856244037335,7.897544925731225,0.0734037621191676,0.6175173901930534,0.2770006261494769,0.007482737740259714,1367.2385945422911
533,4.662607140402906,19.193032578020333,0.1253906737795722,0.23054445618348865,0.3031576639161949,0.006073627072436886,5438.106447759439
536,4.576107881239133,17.755154263695538,0.18721781148542158,0.08335198012677034,0.4778673991445276,0.0071898790742525075,13768.085503119843
540,1.3804304665041842,6.434388283991306,0.18154054344819165,0.11288497992719838,0.16806000761137796,0.00047782628272848455,3070.0387085418915
541,2.56079352146628,9.424867243313013,0.10508289900852487,0.2252789685735507,0.24717506101725242,0.00966336793433213,1285.4029627057919
561,9.477584693040273,22.226944622239838,0.07623787152689776,0.29887284493668315,0.7170465690792736,0.07204574871150056,3157.1772549068824
562,3.54220212341658,11.472843619059535,0.11938433828343237,0.07286962375114009,0.3286779588295559,0.0008548985522584286,7956.735594664161
574,3.7161464646442255,14.81920336750697,0.2025643136406718,0.020709570419320554,0.29870888285349756,0.005526509043769198,1857.0679417845986
581,5.294965118997337,12.83963251240081,0.13029334676149165,0.4164503775156253,0.38411633213681967,0.006220002751139183,2977.8084486280763
582,2.391506249529805,14.70446250489136,0.15600142250103727,0.02776040490836121,0.24233939659585488,0.005750051764760239,8549.554246499367
590,4.485109360791078,23.78791120625223,0.19917015452198295,0.08868606616810228,0.47205113622018036,0.010485085092646326,7635.822716467765
605,2.2656910950630764,11.22778531728945,0.1517169775107357,0.17854484763812276,0.20841254984072055,0.004067214956876914,5826.032529484226
612,5.10024951704493,23.123241610957095,0.17201979947815213,0.06139790354768782,0.4518893984825206,0.009422517993587336,11988.210797206739
622,2.2899390271473257,9.777282009843839,0.13364211561759656,0.19439972158663898,0.18440215039573155,0.001970077771677813,4667.404481470818
623,3.865505959243722,17.637916496876837,0.2139258672737837,0.041445740519262184,0.4064689333891746,0.011543060815897406,7192.8612723425995
655,2.831863347181394,14.19968464778103,0.09280340286111007,0.2881616813655176,0.21830428718488684,0.004337253727304557,4145.804177047989
685,3.708638414065134,9.67193786175095,0.11936745271632226,0.010736188469122264,0.31177759121642085,0.009201669255780748,6548.083187396154
708,3.9969583123245065,25.540101660624842,0.19144023827674908,0.025922568504533686,0.35390114127313615,0.0025298076660451754,6551.90542696201
718,2.64267920017179,27.129349845997687,0.17380530324983165,0.03867594919461963,0.23145342873401656,0.001392967686705473,19488.68135096568
749,1.641700399346134,13.157494124994296,0.1867692398198747,0.226440241771608,0.18808929077821046,0.0038107563419679425,3999.940447330222
767,6.1078821037099065,23.152100003389307,0.24079341931964648,0.3087895929009322,0.6895816443776752,0.05096698870398822,3239.5924384007394
794,2.021459954248254,9.633111686019515,0.22016061106571838,0.09816297920085039,0.20755375384200586,0.0033963411210463403,3344.09810261779
801,3.1575621634763356,19.451682725713727,0.08010564721943376,0.05746895624358618,0.21912413951971796,0.0047653411638278,6481.013453523865
808,9.085833760343858,21.441580220277487,0.16452008150227757,0.16799925309493718,0.892973802621049,0.040513743945042854,4740.938434251085
833,4.409773363165189,29.532156507019614,0.14709218902389315,0.06050061259804397,0.4129208938358775,0.0010416910885006298,11649.930745573087
855,4.093536678892026,17.198279784161347,0.1414956071647848,0.023868620796023223,0.32566775456381414,0.005026899335334874,8546.404675693762
869,5.7075152117428205,20.883575682897032,0.13268787409097996,0.0507013955221769,0.41409584104813985,0.003801665636972833,10272.05073949982
877,2.035549689841978,10.022501414352298,0.22315473015838713,0.10678781491866739,0.23427148316377647,4.6740178164020575e-05,7678.24601426882
914,3.8825999252600156,6.710129505225956,0.2607137649296564,0.05838154400377154,0.5129598571789028,0.01742025496935114,3240.029635698618
922,1.105270637252521,4.289082330900601,0.25015708082942656,0.11428358515904487,0.16333276212678458,0.0026170198340833804,3027.796233157426
927,3.451886577402576,7.071198917711943,0.22764140584798134,0.029779438180395856,0.5108652023353221,0.01665111848822375,2696.3879211044455
976,1.8567512766315875,13.987781667869099,0.17950185044347863,0.012667454218115073,0.15405681581176112,0.0012167337157600133,4292.840164454554
981,3.2256401249970486,36.52521655257807,0.13683704488392737,0.10897644838312882,0.27434557526420045,0.0023680005282099856,7899.821763802593
1010,4.704342982064254,19.40416727834301,0.084160465996473,0.23399284430544606,0.37726605902226357,0.0032781090539486823,3629.2937717542936
1020,2.254253463801019,12.770603321169785,0.2895391197010616,0.3875500733670021,0.1948772304683851,0.0074250142524675475,958.3459095617018
1031,3.2269511879707244,11.626354533396203,0.09856204952096205,0.07313047710789677,0.26881105033745706,0.006857960339112425,8422.966161341767
1040,4.453196616439343,24.5795754819623,0.16559174831974657,0.10083600561691192,0.3897928839246754,0.005042167154117233,8852.038191613385
1067,2.5213090951683528,29.071863894323457,0.148948652807661,0.11044631151506698,0.22707665035598631,0.00042642055611169955,6095.557746121698
1070,2.8943509636792597,12.584970412736096,0.10287842876970008,0.11815044761821578,0.22448849229937845,0.003223766235359158,9063.942365807197
1093,1.7844975993310013,13.64504268591968,0.28810314022346356,0.027402780670269734,0.21501036699451692,0.0015627219500181436,6584.647993929635
1110,2.574854029756137,24.91168377116728,0.203338984046557,0.020457192767265927,0.22433147541989332,0.002886078453274259,4381.099542888176
1148,2.8013844069087597,11.078930171685522,0.11915547397931943,0.023359830833306276,0.2197076058094496,0.002500059347475557,10566.719540994618
1173,4.092452419622388,32.614047302578264,0.21183915089376937,0.06608554718518833,0.36358534941401094,0.004704127664812821,8644.319536185405
1220,4.893890993195602,19.70236204267261,0.158783847476771,0.04564309257302109,0.4204258111959443,0.011223725131492644,9768.32679586668
1263,4.899890156653823,14.882689075874113,0.08222913267510987,0.08154912269128455,0.3427806718971384,0.0017198129089630947,2681.875937722515
1290,2.2029324757727804,21.10126001572986,0.3873234565792792,0.18481309000020124,0.2660528353630511,0.0026543706480611686,5134.074281600713
1320,4.639985375204684,17.863408902262147,0.08663270571989333,0.13509832244289255,0.33459509980689034,0.005724172867774871,6361.5269351863135
1330,2.669733592018128,29.649006377554308,0.2249995382603085,0.08633452088020731,0.2819458170353255,0.0027575221746768924,15439.795209739234
1340,2.4971977173403888,12.527757779856339,0.15846277405071663,0.26832931320129805,0.1661788707764614,0.0014146410457977346,4849.7995890276925
1364,3.485339692913836,13.392108023292316,0.06179237847011283,0.10115969539037248,0.22906788758113864,0.004179428275923711,4904.970962411189
1382,5.289990469720544,16.25827282148552,0.15904404301904226,0.1035032801967817,0.42593674364297096,0.012527954194475745,9566.299667140165
1410,2.954657098772591,27.620098132832304,0.24776670170474974,0.1557418753996641,0.33496337894730605,0.003500178420372008,3924.4497831937356
1427,5.451524783065809,16.10766793617676,0.13710290574935577,0.04888907637291435,0.5033866150770118,0.0027856063489351004,13601.221454121862
1444,3.049605203834095,37.609607928789615,0.09645153160736283,0.09540992799815401,0.24993387704854558,0.0039707390144706495,7043.874332472415
1489,4.933945889533598,22.553354079696064,0.14635883364153088,0.058132637644813065,0.43395785496373307,0.010135650628271223,9573.255842289664
1513,7.346160475783443,14.371479881486524,0.10261882802707795,0.04679929816443097,0.5588110269975701,0.027892273231150087,3217.5960467881278
1514,4.929500357117489,9.393530461482845,0.05985086822389778,0.2515752402574143,0.30449070954656293,0.019758426376943004,1648.117588302438
1521,2.6681062594506977,10.98822154957958,0.10939168713532532,0.09998277642982552,0.20952647714638878,0.0031188656388139936,5521.068775316813
1532,2.1215154672959544,26.301325215640762,0.125178452634056,0.13011420525991985,0.21167946810648103,0.0023392581315349274,5068.588607709487
1544,5.724559763368507,15.44506914406063,0.19394069137939346,0.04458689968506662,0.45660543650854774,0.01220660074460315,6739.601672217431
1558,3.250650579046742,12.945745429148896,0.10639126152387617,0.332557901478662,0.22695672779137527,0.0020756626606107005,1666.5512513236158
1573,2.3060831250498244,24.377003595479067,0.21408041699358585,0.027859698767995184,0.27233158493000326,0.0026566427224479767,19066.584148456575
1581,4.937072092374097,19.9294571246817,0.18484912361668387,0.045596163989235314,0.4316687286649845,0.008822768536924076,16146.790447979272
1635,2.3501625645784996,8.540085896679223,0.1467680543498529,0.2891087561915353,0.1644609190609019,0.0035621826285930527,3584.4140466101553
1637,4.324765528346432,16.559094405696783,0.20503492885002297,0.11737134897811573,0.4212623158973597,0.009830869338822334,7713.523942936656
1640,2.8845468887820194,18.3051988066286,0.19406070224619315,0.032662399235211886,0.2693838480994586,0.0048253493313948,12638.557458162413
1679,3.592739762542609,25.14868901645999,0.2295049350075616,0.045045752790839326,0.369872018510964,0.0013573602425819018,13463.939991663152
1687,4.936142261286532,19.18034400148383,0.13503105352611403,0.07083028980181821,0.38625998743767553,0.00593139757896211,6670.327559898726
1713,2.8045877712612888,26.517509180464646,0.12892548397335304,0.12520995640914845,0.22381730289216034,0.0037122046426428376,6656.583110960147
1731,3.344883501769188,12.125761749958377,0.09312851585583685,0.005357025574557724,0.22757813167622085,0.0011745760308888664,8690.018130493387
1748,2.8670007793080847,22.646487143432232,0.15773077329185323,0.08899387145669717,0.29519465030797976,0.004284997156124559,7729.860738060603
1752,2.9999146103515577,42.101283604468954,0.19742500984897782,0.055612239123277486,0.24385744456623998,0.003167911281571642,8846.606879623743
1772,2.910710979908627,9.807284912580029,0.09622379747852865,0.016130473917581684,0.1994879734397983,0.001107714822161398,13616.9088316441
1784,8.04663390601682,23.205062718549122,0.14217669364660673,0.11850641664272403,0.6513136394216633,0.008173593602955416,4930.087124103473
1785,6.282836437379867,17.2407348517109,0.1586141147365903,0.15101276829610766,0.5891057188064641,0.00934100662630935,5102.247183627361
1793,2.4915877121839105,13.550199997475131,0.1033107617598762,0.0667551169272928,0.19692496575118523,0.0040020130186017916,3623.8537986643687
1800,1.6337418522989293,10.468313469979675,0.2006059433249061,0.15480659094466312,0.1809323661487356,0.001960564582566577,6335.411315179765
1808,1.5437049361626745,16.118439514800443,0.22676207634118234,0.0347724331908624,0.18548209433186055,0.0011498017769510265,9454.337113935482
1824,1.475905296827954,16.535644457938027,0.2098706018603889,0.16857039479153807,0.17830300148279657,0.0008144791692112646,7642.857321116088
1843,2.904721453844451,10.042473189305333,0.1418095204845892,0.14603656157391892,0.2558039951049025,0.001160165766578178,4730.039238071466
1852,3.3362919303172363,37.36892824366728,0.11851383897654758,0.09230232780663739,0.23597449261326053,0.005146949541101557,5819.661979543353
1853,3.1678637529926617,9.57046779465969,0.17299427532087805,0.4539841344444868,0.2608281065776719,0.002084757186407597,1541.02215814069
1861,3.75503177478466,25.88033657229389,0.2174651839824043,0.05233139721758723,0.35952109558227413,0.004175796170177478,19530.857376225624
1864,2.5141104199595166,10.920272611468782,0.10397902053911028,0.23614821375147113,0.2140178751305782,0.0010745587330487389,4567.200861108151
1867,4.334971740596801,20.217959123401066,0.26064031279359967,0.46286274318123016,0.31669962535628393,0.0006497543015880969,2505.0564176070848
1868,3.00326403496878,11.575434261057735,0.15713406729041837,0.31852480322012583,0.19261930445894915,0.00383752759017304,4349.91324741465
1907,5.856687936997789,15.639310968129982,0.13564971754278488,0.13007893261743486,0.5180958821630739,0.003916033851080809,4466.038435135622
1911,5.535062075444626,25.72209552116805,0.2088141519827761,0.15799004485406154,0.49244078945284786,0.007861285789554962,6132.942203967477
1914,3.4142491180933865,10.576127634453467,0.08141933991844807,0.6036165500125018,0.23818459396490818,0.011764443161752059,1328.81571631424
1932,6.6152757994054605,17.683006726508022,0.10455928251245251,0.22901405766217156,0.4306706100735495,0.0054871747075296365,3571.506155800549
1935,3.6970050134509855,24.21906598497498,0.16271109854365245,0.019127488636130358,0.24136418716850372,0.002780567172195373,7384.469850514538
1938,2.36765800328267,8.147015709493726,0.13208341855111486,0.13599276111708078,0.15663685437350716,0.0011427177415871614,6862.566358674252
1956,3.2541397612244047,18.871251568279938,0.159005292931335,0.047146774654364045,0.2538270743527263,0.003083159015398396,6818.679026723137
1976,2.0286683889458557,6.950607716702451,0.21046547900315465,0.13912990478255097,0.19760096551212303,0.0028602628795975707,5932.053600632112
2002,3.8790207780648505,7.23761822307624,0.05071656144281982,0.21038011773977072,0.2426167049920595,0.004788554572253517,1742.4288183539068
2003,6.867771632970346,12.83521295572808,0.08108275462380586,0.2932587496670778,0.5212809936000776,0.019786123968001446,2740.137287098655
2020,2.0753215191134036,8.79818636073854,0.12824507582808276,0.11966227940208587,0.18156856636888413,0.0006083117224899266,5123.119500950733
2048,6.293319071275171,19.717267534877443,0.15778350175614986,0.05919559358542326,0.5582540119335497,0.019444768526058025,15009.317872315085
2085,2.6460485496473325,13.727867072760846,0.225142452056529,0.0219368144858208,0.2681527339818777,0.004019727688456559,10632.973318119115
2090,3.2178605174569945,15.651805933633796,0.1888903112910808,0.010309639512222213,0.27869349963908335,0.0011524691000419978,10520.549838716408
2095,2.9306362289455827,12.158228116861576,0.16980086569321345,0.010395003917642734,0.2757815658064893,0.005723118967111629,7952.6734577155785
2102,2.385089614054451,7.727777480828902,0.15596995597593957,0.1708309771516705,0.16978193625585908,0.0020693491968606275,4673.682916213151
2105,4.175128802548693,36.98679001686141,0.10775441752503678,0.07275390774975432,0.3341196807084009,0.001777602643351111,6125.914636625409
2131,6.82762423547516,20.857886059748203,0.14422039273622086,0.06784400325603009,0.5490822337388,0.02181945185609925,8751.618286613364
2184,2.6513214385568697,13.085431920523952,0.15565306414275304,0.29585400112155924,0.19134537919653694,0.0032585190284891968,3827.3296592127026
2221,4.370756965865717,12.064492718577721,0.1586935478191589,0.42189669479786435,0.280280966523759,0.009060586770504198,1828.5632136809954
2226,4.037152025565612,22.972752722369187,0.10437019542749201,0.041460175085405254,0.30819957150087784,0.0037373108124496074,6418.3658266764905
2243,3.3097759770246085,14.051790406148516,0.1266471465270409,0.08667282923311018,0.23830304603148234,0.001854936352145581,6508.2498780442875
2244,6.779169779563848,13.898676913466785,0.08625856783724949,0.025886606941064507,0.42200676516851876,0.008038150760252825,5424.2150618217365
2248,2.4003981024761805,27.931561622664805,0.10724568059535954,0.04378901582887433,0.2068365865820762,0.003945874932298386,5766.49658183949
2257,2.6111656746458145,9.28211579071865,0.10446092306273917,0.06428005858876969,0.17680147634140628,0.0016195463036777955,5193.500633205313
2299,5.09537124879564,19.105520197908998,0.14554495146530866,0.21903396805234918,0.4985497319599469,0.01159980868210476,5763.261859212724
2316,2.1628466122102084,9.420345472469824,0.2087153296886099,0.029198678902031976,0.16388596901822705,0.0010406915610254024,7984.891485163187
2326,3.7010040841679337,19.150940161510366,0.14878517017167456,0.12079896782988155,0.2523051994356215,0.003067854481732681,5127.778309125251
2337,5.010369360807404,11.926254915171992,0.133226102259039,0.44706790177530287,0.448112760633028,0.023652824172743295,2523.819644072182
2340,8.927620914007226,37.51418913208288,0.12280980381429178,0.07661480105066376,0.7110142581573896,0.029167255114251237,4744.522047772787
2344,5.527592088908636,11.71776971028788,0.13908025916903893,0.04415362856341275,0.34443718388377176,0.003906573218077129,3633.7687163336855
2345,5.1312006399303645,17.73084879662772,0.13164094705038532,0.3743226732845489,0.32490494362979333,0.011256759680611678,1953.8329741457192
2358,2.4714344525270047,11.675177550866644,0.11222047733163802,0.10888216530261016,0.18405201845077115,0.0027018839083798704,7651.145336626363
2361,5.155597469938113,19.09758001684855,0.25002229935065007,0.04352471481373335,0.49065101116163806,0.01121105892899749,9352.07772344779
2364,2.3229458364707405,14.72000037783247,0.13598267839462846,0.04379577326087417,0.18198302468747246,0.0014758661339244184,19012.995866722824
2402,2.510440495268593,17.24746136847002,0.17071799106850807,0.05068873676076908,0.21359704173752106,8.716038637538638e-06,14918.315395210884
2429,1.201022176402449,16.897481254943045,0.22439576303201747,0.20177080038462883,0.16416344827495563,0.0014281548656764173,2810.9094253400654
2433,3.9562523433992,20.001872627587026,0.20570800894289623,0.07236413106457462,0.32748702789564804,0.002039488702836724,6329.4645301443015
2457,2.753405351983542,11.472746109801138,0.23713259560012653,0.45646380348188037,0.2190004938007735,0.005406877823594247,2731.5506424227656
2460,5.20596366632622,13.677840760946435,0.12723540902495858,0.12829886614542543,0.4167297714399313,0.012249382319269602,3496.82224575673
2466,3.6681178881654075,25.54913945878848,0.18045222895638918,0.554083182448637,0.3446162856505799,0.0062182776860136785,1986.89462132976
2467,6.342921533906785,35.52765529669668,0.23655632847258087,0.33843050720910484,0.599826192870155,0.011693000590424309,3773.739927487437
2473,5.301381409437305,38.92728309027092,0.228094097050474,0.08162090928002644,0.4746501384424809,0.006091521624813848,8189.667539531141
2480,3.7865185295172474,13.420793609938487,0.113255252232769,0.11741953303500594,0.2751821894066205,0.003771117722818977,6228.338477640221
2482,5.062630695984634,16.91559230650155,0.16715913599387316,0.4308794871532825,0.4571535688736589,0.0181141499848328,2446.890420144047
2486,1.8844895492385745,19.167714438534635,0.2673321122279242,0.14690625807852062,0.1595997745213662,0.00048349218696222145,3029.4083121071017
2488,5.873394769569921,25.327497114188894,0.10320841404563626,0.12468285716696272,0.4766261814645293,3.968251640607382e-06,9779.237048669533
2489,3.5408477846643636,15.680319653178186,0.14517984218892988,0.14017337340536729,0.2862868726250411,3.944669751941911e-05,7230.070181667192
2492,2.1894750333556106,6.216051329898213,0.09567919017825204,0.14301601221447713,0.17518544162482427,0.0035588453623585595,3995.7438229771205
2493,2.251545443497113,19.62823228947729,0.1513211550846548,0.029768229138526378,0.19883941759288892,0.0025860838807531023,8236.350499502205
2510,3.823672103830693,8.82480165916287,0.27336938891278434,0.37543535064192796,0.23323139555652125,0.006702186762779982,2957.8805274039623
2511,6.022885546397519,17.17010971003831,0.10368139185065009,0.10525217611451132,0.4199577962756765,0.0028796661041000367,5822.606232639226
2520,2.59226507232415,9.869285392223256,0.1917678632832114,0.10381009884317519,0.18194082031004058,0.0033078329874069857,4687.448829202172
2524,3.616582298706365,15.639306945600781,0.142403945069095,0.49320447849107096,0.3355007732515168,0.006148777944235714,1232.418875890899
2534,6.680011598356678,16.040699226546007,0.11843268446251642,0.24337826965282738,0.4905009499624114,0.011356545605712169,3520.9315214589315
2542,6.164246428102129,26.99312431650871,0.11929672553066045,0.03467474398632487,0.5290195618597439,0.0027113008349442746,8257.122890928013
2558,2.1844456067912947,11.870725674097708,0.08718324091995347,0.09235070902563106,0.1974890616254065,0.0010871293853545855,5852.1911846805115
2581,3.331374970022706,8.042321025086059,0.07186548454440933,0.505262252152177,0.23495787824637543,0.010866860714654487,1837.9969539091558
2586,2.439306084816908,10.03538637239034,0.1210194940911946,0.1296793760176118,0.1962635223232553,0.0033903904505601943,5690.422911264173
2593,3.656902927909785,8.982185741192232,0.03291543183502593,0.7477363512342091,0.22332337435235144,0.0013562143623493355,1204.035349358803
2603,5.973669783364345,19.02072228923253,0.1445635226558234,0.030246737124772924,0.46836328130755667,0.0061411678519645106,17965.30443467539
2615,2.3399580318711983,18.814732188847742,0.14382967284739517,0.035319514722573844,0.18239349440987052,0.002399667376759445,10583.006713166804
2620,2.101094308264242,13.772196929327633,0.24959945712310017,0.0735576702172841,0.23015452518708257,0.004446466993773621,6403.468277501426
2647,8.265304777986687,19.352376282651854,0.06413432784161323,0.3231879374492889,0.44922197427235755,0.010309286775781579,3891.8947306957825
2653,2.5231880389003205,34.73459545049402,0.15441140700895523,0.056559168417100535,0.21063993860758515,0.002440118776611899,12090.64728463164
2692,1.4103629735337162,4.652250170174166,0.1703166017116059,0.09272907246481074,0.139318446328298,0.00033395751046416824,5349.1840240539
2709,4.250127824706422,17.037352705132264,0.13288891159376567,0.07820998837135906,0.3657341813682714,0.005034091642800308,10345.243698724786
2720,3.8946274020663965,17.792454282198086,0.23676566227068688,0.037066615992332255,0.3427472003414561,0.0074599745187886625,4499.615903516198
2804,2.1905385835708207,20.061397026932156,0.2982245161548342,0.19492869375349814,0.20855317017172853,0.004729751345558815,3765.6878811085103
2810,4.033602482286086,35.98916544791772,0.12327670737165838,0.050135497525726005,0.28793405759850377,0.00255155297083862,8791.060242202831
2811,6.959587849241848,17.263007170709937,0.2222111987571256,0.12912721435993813,0.7858363430942318,0.02178338788624473,4037.814705276076
2837,3.612559250910926,15.784652678575746,0.11105433411877857,0.550278244190782,0.3241376354400117,0.013622430730823146,2307.4447553188957
2865,4.875756730323399,12.524339327491594,0.10311379716925342,0.24809062295133516,0.37047309360916014,0.010795558151594638,3776.677444788393
2866,3.395226067014465,14.851593664755708,0.20847528177251992,0.2358910078813183,0.268364511790471,0.0048327554208816206,3053.2874156756006
2919,6.645130239767856,23.495400744482872,0.13602535578116437,0.042789070288496926,0.5030136480163628,0.014759240406183843,9530.92387998525
2924,2.0769041595041764,15.226573113623841,0.13017854863710163,0.01330185940788266,0.16878212214235902,0.00032009758969948334,10206.881275072115
2928,5.244739212694062,13.97218895141505,0.08636002676806448,0.39479518140720243,0.3237422087791939,0.011582082893211143,3039.034217785778
2929,3.952062078650382,14.876484723039836,0.20593971391736218,0.4147179645816816,0.40164616572080236,0.0011837657650476782,2674.7300099586273
2931,6.507560989593527,13.387897302485642,0.10743554934693207,0.10812100436949983,0.5190441472744433,0.019097333050754596,3945.989114189545
2962,2.079035490640858,15.950094999616379,0.22107126600658628,0.09213129226593668,0.23978401487821446,0.0031826738808490495,20911.876328377264
2999,5.565221895090943,14.041517442600128,0.13921131037025064,0.05610801763909328,0.41416840051983533,0.01564035577144639,5909.721802624659
3020,1.9787950393492568,27.600357382495094,0.19469703601836957,0.051713864851954575,0.18103088187897043,0.002088193935769611,9495.571313177947
3036,2.097111964046652,6.925320606548163,0.0995743049954705,0.12624322506065547,0.16845294397745855,0.0018831206517952097,8035.1130929356195
3058,2.2221343199664214,10.432070026955035,0.10504892574752445,0.017994318230415248,0.17914654607388864,0.0025751438329847834,14591.053365836886
3093,3.9203363316604527,17.746345163709137,0.145112337330745,0.025674356267515838,0.2881923969535401,0.0026841887308025297,26697.15936850079
3107,7.223757940028824,18.720947846898333,0.12076767832550765,0.08842639075685371,0.4685110891935934,0.011208256254839,6933.838023166414
3116,5.24533632261931,17.014291221006417,0.226567692037616,0.14761511231498933,0.47054446748264245,0.012268452055448796,4166.766113388479
3130,3.776928557175795,15.43216525166169,0.1842605529762883,0.2809113346185701,0.2861824741149823,0.004888962670313207,1949.984837913262
3133,5.072652235445975,18.231457054700375,0.16547124851758224,0.029748521640967734,0.4101076869891147,0.006266998679457058,4246.8374311475145
3170,5.858849853446105,21.943862094899284,0.16196640668450424,0.11778591393735362,0.5509788708642849,0.006113246943526273,7306.708047641162
3205,4.488214331451628,12.712111036988457,0.10692940732661124,0.8339935663766296,0.3749405061086449,0.024092485437222894,1751.6146990913508
3235,6.090244576103677,16.155499473485822,0.12434711585164451,0.23374913425636382,0.4358578224053809,0.012954495067269802,2481.4647146608477
3236,6.529783361924763,15.860495373316212,0.09611623622009369,0.06957877033420123,0.5102432414501983,0.012441006159197967,2832.0418566182375
3257,2.707554481122178,10.363799912247938,0.09087267762788726,0.1457969533653326,0.19273288886083634,0.003015576119177464,4579.118740186497
3261,4.692883490900142,25.964855319206816,0.16362978235828193,0.08767055506376438,0.3783527138322753,0.0021052933343500987,3471.4667418063013
3267,4.063996185172844,34.09185137539809,0.1476059700221119,0.011924022922699524,0.3780026617187199,0.005454598703429231,7160.731596116487
3278,2.6902415746107184,14.999698100017797,0.1109631823571039,0.017575779662963205,0.19941167244195587,0.00046906817376415395,6184.211483214685
3288,3.8223700782484915,21.444070057111908,0.09275842844197904,0.10479307248213025,0.26563327916449886,0.00278763469986182,5953.052350597072
3303,1.907228422225774,7.603914161209768,0.20896720600663,0.0164391158902614,0.16638839025877022,0.0037010330437368135,6317.094912904661
3305,5.209140806665303,13.566834925708978,0.06554166280691161,0.15382158759650588,0.2748743851498999,0.006331780619695313,3046.7329237164367
3318,2.4130138761624047,20.776572762517482,0.08017375885487069,0.03678706248753199,0.17697631015387066,0.0028648740947542655,9061.837753190423
3337,2.650353974465874,8.637066352827947,0.09833190503472351,0.28545257169143784,0.20653889715217755,0.002927485138553621,3833.7478289281175
3365,4.982890013388538,21.22351928257075,0.15582503730120761,0.09911484527243943,0.469954800558284,0.0048809596697022214,4021.00396472836
3382,4.133537040644788,15.952942616836175,0.18796010463335325,0.11490967161661034,0.31897322630468183,0.010607356820808713,1721.1269057961388
3386,3.1532446851247204,17.066859285579874,0.1860392899371822,0.3405655547487108,0.2942277710086233,0.0017151804629494398,2300.00544692829
3394,3.1427772036966535,20.66726478041116,0.15621603460725297,0.10817169358063944,0.26956846354883424,2.4611613291930548e-05,10046.164946465304
3404,2.6941162126061853,19.23383360641097,0.09568511844417818,0.08295360013009656,0.24973903285762816,0.003130536925828589,6517.9739439124205
3421,2.5948554990267976,14.024128395034175,0.1143696890952653,0.0561360279659956,0.2106058095576216,0.0028148373533030163,8743.592003285888
3422,4.465704392468937,29.591662435992944,0.18469266957110916,0.014870185729068309,0.47436696165116055,0.0028399874187489444,12201.38444174873
3425,4.468239299663468,18.495448475154184,0.20537724498130713,0.3335196735158301,0.35488416975967796,0.0018158998078065386,1845.0064924431713
3426,2.830984406715487,9.750583357274177,0.2610119405237738,0.49863025340541867,0.20948259782905757,0.00810278126840266,1394.9207391172486
3451,4.424834151521216,13.277766768111883,0.1296896312136317,0.10544935959214582,0.3089378031082104,0.0191549715268226,3778.898535192067
3457,6.401354180491439,21.73226258247547,0.14188449197984834,0.08506124388984532,0.5846609759426398,0.014657117781788055,9809.312528927047
3460,1.827108270591796,14.076274032096425,0.1443836130904262,0.12833894019202777,0.18056529461324766,0.00169867131783039,6040.585227882125
3470,3.56911798454926,18.44127809183074,0.1243519135029999,0.20722140031625658,0.29940866648430237,0.006162054007468024,5775.575923894019
3471,1.5013556653952171,13.581971470426065,0.16157880630313523,0.14720097669730908,0.177821518779245,0.0022372637744141654,5008.865012470191
3479,4.65261862012264,15.376643581068834,0.1482100462762956,0.04676796968013294,0.4293658421063171,0.0031502714311387814,11901.488713967028
3481,2.4439225804172318,17.962938867897517,0.28410074885859465,0.06605114634666504,0.25085109859223853,0.00043661833666161487,9900.715781009227
3482,4.784928634852071,13.633955774188392,0.07763184563334308,0.2604572533989286,0.34965187323749664,0.014212774019441304,2071.837891460032
3492,4.75296432402038,20.97785665794198,0.2004147524165634,0.15686926838812343,0.42416186305711995,0.00402329186441309,2625.299678010676
3510,3.337049930686078,29.36962265937395,0.09173941056731302,0.10358133802281785,0.267201322380358,0.0013170854953385431,7595.468574939828
3515,1.7582966654897967,9.759591666792536,0.18976648375453609,0.044815991748755925,0.17307912134959744,0.0006395431920508891,7651.335851542211
3520,2.575645834945025,15.439726389016261,0.20489098191214472,0.07350968467781394,0.21812583212147718,0.0009247888546118077,11903.881667424277
3531,2.6792543165177607,21.11265840902133,0.20104249954572956,0.07495406742716411,0.23970571952964592,0.0011881031471295109,9778.720140011643
3553,3.90877490630955,32.11827225004223,0.23225517322275616,0.05353809062852527,0.2973905302111633,0.007014148646080402,6388.7098421630635
3579,2.0021375491925344,20.545937109662212,0.15114715456609343,0.10610057435647156,0.19596292524791467,0.0014056170125907172,10079.388321094444
3583,2.119333644085651,14.042380444858159,0.10298835351066607,0.02697421793616091,0.1876392625902319,0.0014152105420362604,9939.831220635368
3594,2.144991614562918,8.687509953595406,0.1587671210247174,0.049370006276127906,0.157390378958944,0.0006489262540680564,5463.472936271874
3607,1.3159122477814877,5.495033839457441,0.2581237894853725,0.16813478806032833,0.13236937144142036,0.0023288952694742347,3367.020228312219
3643,2.801863728664463,17.833839693817428,0.12819451024933162,0.12794396818264486,0.22817667125603025,0.0016399820096047626,9320.028806385264
3654,3.054507885316812,12.335075783937851,0.09656999086003025,0.0947845500936924,0.2308468686899729,0.0014168551279031213,7679.696453927641
3760,6.422915887683846,14.781519498683675,0.08892041227484437,0.07533422462363598,0.38543823079486267,0.00900286796507671,3542.537852942172
3852,3.986520412168425,28.8222507347302,0.17254422664420624,0.15683994955176261,0.4160044008988115,0.0045439439156988205,5097.277420867079
3866,2.9670979752831146,19.300616516058195,0.154858577517228,0.25423026783626246,0.270985001775051,0.0017001827544982219,4185.73138291262
3868,2.3584889540288887,6.581403968146286,0.19103880212918717,0.11249260233007208,0.18560744782959518,0.0030677175079394507,3424.388132137301
3880,3.9165206818117824,22.637777902361066,0.19380436093574382,0.2935428723420408,0.31648358281623346,0.007728093726852286,2737.95365205097
3888,1.8902577006013903,38.77866320853672,0.1409196550881003,0.11096477459770318,0.1529643187330478,0.0018140934730350423,10888.393980334993
3903,1.9738651160936516,12.428674586131356,0.09595256983484447,0.08972717935654836,0.17321122520172436,0.0019035157584745012,9521.836909615227
3921,6.848159098624726,22.961493807930598,0.1365788133729574,0.13212444002077106,0.5754220319665152,0.0031571459271408364,9637.13241317633
3922,6.604486952260618,24.96401355809502,0.1432697341764116,0.016757218004991862,0.5878342660185185,0.008868292233727617,9211.201479630367
3934,1.8995588665032317,7.590819926833028,0.15364976429052368,0.15248945280208884,0.17006988862398467,0.002390746268855818,4471.239566987548
3936,2.872628811833799,16.161900920292613,0.14301514175437344,0.06794808440516474,0.19204099859496537,0.0043491173773952145,8431.929431899738
3952,1.7832433500639433,19.821346705680167,0.21589532340519074,0.13845761462588704,0.16727443443184778,0.0006077225203383127,12211.136336084171
3956,4.176019092628669,17.68983341290438,0.1562115918467063,0.04822698456779154,0.2977025708067217,0.0028890974417247243,9342.64081189405
3969,3.3443761083745773,9.444562092995211,0.08301897850290563,0.14270700980249942,0.21973657675584982,0.006714648189528823,5531.5214435483485
3976,1.708286954790495,10.10550646738946,0.20600398175863135,0.45391444720030666,0.1773852953719048,0.0032037807856458438,1790.491305524444
3980,2.3462834879962498,9.40743490601532,0.14509752145978877,0.10727856353247132,0.21632570401444634,0.0011842479914831868,5196.826820599374
4003,2.8765343124692673,19.237705855984906,0.1034932992310369,0.1605918136307959,0.20983157855690376,0.002265143102307359,5065.978703655996
4025,3.829706674593043,10.492074791336254,0.1063671709359405,0.33903616229165723,0.2565265241198485,0.010103228333762005,2507.7747886949346
4034,6.808094627500554,19.224679912409915,0.1662162521361583,0.07847599031345355,0.6365021579621275,0.012488055697453839,14000.962927181372
4044,5.572431862551173,12.820155520150667,0.14972469544681802,0.049217830625400846,0.4175303921133482,0.012762338753967345,4773.452131758095
4045,5.4963365750506785,20.61629865410975,0.15152506554305142,0.07798790814084841,0.37629683854567675,0.003440509197817513,4465.295300666365
4069,6.924920406287428,22.866191709894437,0.13183566821879675,0.058036194745926674,0.5794821823406736,0.0030118134119370733,11163.452341827475
4103,2.1117544535692514,8.71588413689182,0.15698771648418133,0.11848988059112207,0.1535468864947689,0.0022378285878117987,5237.843489532654
4176,6.2436873060356834,13.926719983145434,0.07321157802686487,0.04467077302362582,0.3470684499346212,0.00994439437510838,2978.3174731520976
4273,3.536600356927713,17.436770998543015,0.13544925999670065,0.06943840558261416,0.26275793259787905,0.002776247028761793,11423.973471567017
4291,2.415459637691472,15.958765101166628,0.13189096631354866,0.10457775418130119,0.1837549449922985,0.0030625883788098014,5958.095763876545
4296,2.7859986486493327,12.32495786894009,0.09638238305327208,0.05024557478673095,0.21461524297948073,0.005079265777458389,4701.698105539139
4336,1.8268805170835094,22.07749028863557,0.1879662378705516,0.06213074796532539,0.1776792835516242,0.000861064055212325,12145.496943002894
4345,1.7314487074695029,23.832364052075043,0.1619884575234358,0.050191093615310545,0.17421313787138992,0.0013090631842502761,12420.191722282227
4353,6.990161100468917,27.060137233927513,0.12435173516126242,0.07673808126119676,0.6460574195617075,0.01832379633253681,7748.004689351909
4432,1.8046924154335904,11.492782717144493,0.17927128357222383,0.06309114147551162,0.1404799012927277,0.0018259512579276382,7284.992309526477
4433,2.8244656069556666,16.635508252529256,0.14487629453432646,0.23515466366995855,0.2673514886935998,0.008469009450985013,2009.6769785433387
4478,1.1507770295567497,13.04790829499731,0.3772550276293374,0.022502927318435503,0.12960346451744534,0.0005355728148303125,11690.90365749729
4557,1.585727761435428,50.00936199041722,0.13092720761502497,0.07493104412409016,0.14561173701180655,0.001231896190244169,6943.31262115336
4573,3.5736237875952903,18.086089276365673,0.12180830315975705,0.06434618593708645,0.2511427315251367,0.002122469291819789,11788.26567667627
4597,3.76580987937094,18.55748749875932,0.10773177604510817,0.06015961537079079,0.24451773244501065,0.002047655790797274,5251.658034076645
4606,4.7003252049568385,27.67353247224862,0.155624372083346,0.07618880807736524,0.455459799428952,0.008544130443490547,7353.510073974276
4617,6.4041167613559775,16.92599408573198,0.14049153763601632,0.016583600088293137,0.5195182920186895,0.004863861610180891,9343.415763288984
4684,4.6715499720072815,28.45823589890346,0.16142835658557894,0.35062333664498746,0.32477745946054565,0.01411869192697528,3232.8088786471208
4722,4.653700519004813,22.844059048138686,0.16604158926492146,0.2139034398909017,0.4118049115310388,0.008802701546357209,4580.772976642354
4821,4.217439752204045,13.619611969367021,0.11393500867287024,0.0340892052206126,0.32915808840728805,0.005127378187295045,6945.23751413842
4825,5.73730276585584,24.615107402320845,0.10865536698878264,0.014442804892079506,0.5137138282053549,0.013707231893502314,11178.688478619282
4836,5.345591765197382,18.412776200640163,0.1074759604594672,0.3559330089787597,0.33429373042726046,0.003150866573055136,1912.9142135758561
4838,3.4659917789240926,9.189174990099485,0.09475925992763681,0.41418440951139446,0.2374197498620686,0.002001968956545979,2238.8905242797937
4852,1.6702495881044355,9.220953391104278,0.12196065554958054,0.18248332852893306,0.15117160292989462,0.001958569973833443,5081.713538775053
4859,3.124148841929148,9.032543387391584,0.16962309480568857,0.5322135890681127,0.2160817652657274,0.004338911199379498,1480.0698466869455
4883,7.696224182144138,19.813742241791076,0.08106008259458285,0.2864398698422526,0.49375931451134647,0.024443830030324278,3191.2977471406157
4889,7.230304008496025,29.663355523675005,0.11953250775020684,0.10237729152436496,0.4955218321456478,0.007158947402193804,3886.5783618301216
4895,2.807596610206644,11.664502627160097,0.3198628493506779,0.06288621978319729,0.1940309261468678,0.00268974115524495,2538.0801377155904
4906,2.232608175225203,7.832303932496827,0.17441275022605854,0.09219002817304649,0.2018657699205018,0.0027121555337822506,4569.941485678154
4920,1.088584994643996,7.495788515236699,0.31374266041650956,0.015834826292738205,0.12032253102182981,0.0008191088987717239,14129.662228211511
5044,1.4908201391117935,9.315026637878711,0.2246538276178996,0.11965121017362071,0.14291134143648396,0.0015285517586585376,4342.993764512439
5071,1.5887684336994228,9.2210659388002,0.1263478491812104,0.08691905061099266,0.13196991309898873,0.0011059040525976734,6757.049257457124
5076,3.363574934606847,28.074423840198104,0.08431316908404057,0.014989069918683977,0.24531442445981974,0.002977204589180247,5914.932711849979
5077,2.382591840533374,11.747867651403709,0.0890088334238806,0.1439715915593834,0.18023663654131195,0.000657227841590068,5241.441661837016
5081,1.2131340638721122,25.20020671879859,0.30132388608409494,0.025702816293264055,0.12509771096212086,0.0012217789855110991,4672.225854007649
5115,6.925284693790207,22.94953216787632,0.14925625962775196,0.10713325645938129,0.6122331435173726,0.027175498956016755,5403.027482057573
5128,7.58230379300461,21.53853870128689,0.12608457758771074,0.012558065189708726,0.6755195336301694,0.017547145250551285,13806.793509818035
5138,1.5023385964377818,4.978226403742925,0.18861629286822656,0.012943922717673504,0.13220325899287022,0.0019788592737388037,6407.145778769749
5339,3.4278614089954327,12.471526919664155,0.21844926612976157,0.19929197555215855,0.3771947254868155,0.005863182533865519,1387.612405246594
5469,1.3219367141576914,18.917478094924626,0.6296615512183839,0.018531954149711947,0.28723964435539284,0.0022405333414487138,3294.035299125067
5480,1.6729556440302011,5.147382919780823,0.18567600863370615,0.5202664551682623,0.15780862521276168,0.0067002749670937445,693.4653102794814
5524,3.348983632627578,13.479868827146271,0.1252593443397748,0.02567741709231389,0.22638077139570342,0.002178299489455512,11058.173939549113
5553,5.315613235495431,19.751174676128034,0.10812199349913479,0.2132829081874901,0.42431121244135384,0.029008324924206727,2080.8242662890502
5711,4.491516813651874,18.758697015066474,0.12970774079310313,0.07704515936884397,0.3502491981001551,0.0032063838868306395,12910.065182996896
5729,4.561695039961355,14.324452345224351,0.13387211964172543,0.07138160672148618,0.3428988350792206,0.008044729561089113,5129.798969066966
5808,2.54943181597202,17.695117546144658,0.1744058476937367,0.20870583967915823,0.1868691980915347,0.0015673054943145695,5853.902860856725
5827,3.491410425123941,11.329164322254641,0.1430572813417926,0.04168186685924725,0.22668507828080664,0.0020387222813169565,7527.365502408713
5828,4.011609424190929,18.02768835841891,0.14983662834779,0.053987242944514006,0.36306668441335993,0.00948640315331231,14359.42339258963
5857,6.662880426364563,27.78507701227518,0.11486722968202387,0.0834372916629071,0.38685077629809833,0.011369909909699398,2954.812078821059
5925,4.799958286610899,12.543984487391404,0.11895532154512017,0.03508676588636445,0.33037634933818844,0.008681990649284974,7097.900580687001
5997,4.952443795097367,10.330466919973071,0.0330803776319131,0.8953431228687831,0.31342984688634623,0.010347394599174164,1621.8916182234846
6004,3.2886642726963444,19.06037570292639,0.18996536789274523,0.024572332013999526,0.3329738972636371,0.004567583894498022,30156.464938640114
6036,3.7751961267082534,11.502367939501335,0.12213850128709812,0.02511146625312419,0.2732981108602244,0.0011654834623004702,6974.003871611897
6081,1.3572685349912423,19.47381017215496,0.27505024117249977,0.20414083426642152,0.1301700379232551,0.0007260962733649785,4665.668347400342
6117,1.6010972322665895,8.171079789427374,0.4183661192201724,0.5763386206956813,0.17737683328372222,0.0034316102852518697,1841.9646472025909
6154,2.4837571070358617,8.428575759909565,0.2020802245583921,0.07565684846986917,0.2746689550327611,0.003985863573330426,7722.162270265222
6163,2.676926361311913,8.824725007982241,0.1520324169102229,0.033172989696220255,0.1978278696973781,0.0017212666401214224,7255.168412756962
6166,3.2041038861122173,27.967466974967074,0.35650283244683617,0.1108047690793202,0.344855386065868,0.00665888171434573,9730.508466988726
6270,2.8626562976646213,13.209522047475376,0.2363995473910357,0.0613216400137582,0.31072147324943084,0.0008025954942263704,8100.249312185992
6327,6.581802933354416,33.141264611988404,0.14574587200934494,0.005475211878816034,0.550099302747408,0.0034882801167642453,25691.995168542264
6367,4.808747237604802,21.515755671337757,0.136835272809152,0.10101376027198448,0.4183312016123461,0.013325854863314876,8253.542556299355
6394,3.120836284559234,13.691444787098826,0.220254869716074,0.008456560745053543,0.2513051347360204,0.003493544843846859,8610.986261627158
6435,4.626374501699746,17.86305493820555,0.15679921003281908,0.023195853035823374,0.3844276660221923,0.0039053425072811156,6905.309714769914
6518,7.825643126119768,18.302478528204016,0.1321475683483372,0.048304963212777816,0.619174378473837,0.01689739614445708,7672.04543952986
6528,7.157825721235343,24.189041598693088,0.122820823061552,0.10095300951468045,0.6097278705168544,0.014584364303510674,8036.815988583041
6539,2.8006972250396247,11.946464720589947,0.18347082613457572,0.034740042955210056,0.22025427257501645,0.0017318328556141431,7796.57618203562
6637,5.127511257521616,16.0007308089142,0.16489815122478946,0.03194391397319009,0.5364325111208526,0.03403915432929529,2789.7955360321434
6651,5.809478063594538,16.549187059717262,0.14982319159384852,0.04446802909081819,0.5411339020222451,0.008401955357960018,21557.16815022795
6662,3.524519019266131,8.92955413990772,0.036943920461939485,0.5476124030073061,0.24754370739745238,0.00470868418586237,1373.3237100993351
6696,5.360808556491509,17.396024774926946,0.1180444024884039,0.3525787897148861,0.4785996263890862,0.011275816934736435,2020.4217132617525
6712,3.511585870579092,16.126296358694727,0.2055877641368377,0.02386569665731581,0.33034339657178424,0.0010207800702883353,13576.73672684727
6720,2.4935574431990024,10.722679399487465,0.132242149064743,0.05445282291330431,0.18514437194375957,0.001446170315981831,5488.78822499516
6739,3.317665311177105,8.346672327035632,0.11003191213929266,0.056531385612034614,0.31251084852628536,0.009522022784881642,7789.64120296996
6822,4.694183185445408,26.895984595561483,0.190407403945168,0.22757825942073492,0.3689705346273412,0.00865016854102978,3088.8816898052587
6823,2.437093888673207,14.095126218448325,0.12870127070766063,0.13154074657147855,0.23107529247078062,0.004966364876213827,6848.578016856074
6833,3.27441406067217,12.797431613936961,0.19445074521658004,0.5327956820147042,0.3111323382036081,0.0014946883844612745,1613.9273586176364
6883,5.81314924923324,21.571053034169466,0.14635653420862185,0.022915782890146986,0.551076719801854,0.009653965181749128,9828.18660734623
6929,2.584317372963626,13.05446262181333,0.16236902989932653,0.004368114845047465,0.19797784617499564,0.0010256178293609418,12564.042321335968
6932,1.7200312747749775,9.303157683116185,0.2754029982126245,0.3512032055826245,0.221792770755182,0.001105210861278099,4156.39353718868
6963,4.765339242550435,17.963607617935487,0.12875588572799387,0.016046521773191092,0.3993243219307542,0.00091514195791323,6669.331824994804
7066,2.137711504720719,10.130606227032658,0.20499270843840986,0.034285747382797035,0.18079232258304304,0.0014493044442267517,6789.568127251409
7077,2.056673734270791,9.242052078503946,0.18032120224282866,0.06624140709140795,0.18977791920730433,0.0009671668242024338,7094.79441143793
7102,4.41399191502708,22.445414366717213,0.1275457679303199,0.005183022424366476,0.36107943240366225,0.005415605946277048,14644.338806004585
7117,5.5045638115944255,16.89377359453961,0.1495622674990367,0.0051225700266388785,0.5231605515305339,0.0046015420219106245,17223.689861405328
7216,2.1383680857014746,8.609120188033524,0.13167403149283566,0.08669344052351913,0.1859636981491305,0.003720420958979533,5548.932431720485
7881,4.428690486450688,14.819763514714372,0.1640423977102369,0.3174315832708471,0.3054100625772373,0.005946231367369518,3824.912483248512
8039,6.351748660231567,21.58464167043807,0.15108366398019668,0.19370588033232836,0.5720474730464324,0.01571583627441626,5434.845404908584
8257,3.932902085716793,13.755164807180499,0.13297793625225954,0.062112015575896275,0.2737737044916784,0.0039129073458053385,8602.084203973542
8363,4.073113712640263,10.503498558603855,0.07743216704866279,0.1940760201376101,0.2723316429000148,0.006105322327272141,7053.594249337806
8437,3.9037303033371784,11.295015552469106,0.14604862039601094,0.09120025212184417,0.42072198209791933,0.016403404384274914,2094.091370924343
8641,8.751024097543867,18.72137899859161,0.16890330607188056,0.21896313462751915,0.6594987644088444,0.027295796175431725,3227.3442822001343
8663,4.735562030380869,23.987674732660825,0.13412430786404805,0.333717819204546,0.364457451123453,0.00826680387632141,3537.902827923709
8772,2.4487010289137974,11.230201953732706,0.165566027053681,0.1098631119570409,0.18326180527377015,0.00039138504847319975,8296.242201114928
8786,1.8376623665758274,8.692505492371232,0.18205790083563517,0.14101088270729084,0.1747753103688602,0.0004889217336969676,6706.629700198071
8792,7.188265178846871,16.701975086963575,0.2425271872369502,0.2221506858131446,0.5624169837115398,0.014754746747896577,4535.982334847922
8814,7.225477508049582,31.670315508081362,0.10795986814962617,0.21766892848453542,0.5706979333330646,0.016812397098445345,2924.376457849876
8893,4.243637204310719,9.482232616101856,0.12119923461540977,0.21232607890059127,0.44701130348455925,0.007047894271584728,1659.78661145051
8931,2.015792757947724,34.16732598549166,0.23061678373197908,0.08298823413308103,0.22674886675453668,0.0018574551117935664,18082.04004882611
8981,4.29906873322666,30.595943774182324,0.16803465520396194,0.06415913571583522,0.4057548561216763,0.004613617003063829,11865.650534601391
9014,3.6005580619589823,13.824859668917478,0.09336866411053528,0.019863286801959396,0.2528325398290559,0.0044343761951575475,7172.860888092482
9138,4.446464755013933,15.209650557699081,0.1685400284148578,0.17643484856233493,0.3780856701492993,0.004949509284208311,4110.786718009729
9290,2.5068908491959805,5.3209347672830525,0.18515139137785755,0.14535364837741638,0.23822187436178066,0.016138299494191308,1418.7731494479353
9350,5.231544884036307,12.072542765058225,0.06013665940062644,0.05698119981698801,0.4431160839108556,0.03327492621510274,1972.812040842182
9351,3.5640662108731234,16.853549685464497,0.34443299002715994,0.20337219111029148,0.4404919069919554,0.010353601792899689,1680.8622228668476
9395,4.903949889030127,18.596070103296,0.14157367526119657,0.19035397402599608,0.3731893147865468,0.005545012395806577,5829.933308269224
9522,3.7335928760023713,14.100966800454653,0.10369697960613987,0.020789980221387547,0.2500372275432045,0.002584078306074309,8508.063280279417
9543,3.4618017960950334,15.08931980945552,0.1357004666222945,0.031165818816397177,0.24440271539877598,0.0012157390649316026,7754.115409869747
9712,6.328546213477565,33.10317713196997,0.07639866795574236,0.14767573676118045,0.5275927174213665,0.006678264974387844,4961.190231343295
10111,5.781767842172618,25.978282773357545,0.12571947263576555,0.007109697584465213,0.4233737271001962,0.0020073919515209643,10350.162634775732
10138,3.390484996424934,19.96476197003688,0.1645027745621114,0.0016923786571979252,0.23913792008972748,0.0006760891482086746,12727.696697699519
10144,2.888146398772527,13.589544440991542,0.25528080496434336,0.3566021732433237,0.19458590699652592,0.0025292311831289446,2264.598560401327
10242,6.478038378158756,31.352094990859214,0.17233583393446886,0.08039187838239904,0.5389381342328291,0.014764307135999624,11776.94335829703
10717,3.778883160261587,23.066653227281204,0.18772660240867695,0.08454004629584431,0.2741459215946507,0.003648290983539333,9792.687814084202
10749,2.5609592162207657,12.063612002700898,0.2253610443951547,0.08332176634054735,0.21605617697644558,0.002062458327746984,19636.17809528417
10795,3.0379864779794152,17.617403870958338,0.1676499942520878,0.03154650453215,0.26493387208589725,0.000300274602912866,16834.065242443427
11041,8.387757116385346,18.45047262608592,0.17496748415589303,0.2908219880706184,0.5535611977123005,0.009446827922010908,3906.4127284978567
11688,2.7249273992939314,25.736583339645836,0.2000655197626539,0.03419839613314403,0.227580605288482,0.0004244870318406763,10678.945465046456
11808,2.752505436940637,19.350856525022028,0.21760674161910995,0.06216038450120204,0.232412218578158,0.002295092503325822,9039.845863730767
12022,5.854916540184236,14.093498964663684,0.06269230439722417,0.07533382175478327,0.3966139302338388,0.006449002437369682,5730.813987452154
12084,4.122610621805751,14.867686361592524,0.1152301981997239,0.016442937232096375,0.31256764551782745,0.00782836908395249,7515.509401999869
12090,4.3852217520370145,15.47282233826742,0.16261812114290555,0.0550181784946835,0.3203490151737682,0.002703101664130921,3853.98708907964
12384,4.0661406148697665,18.665801279037197,0.1461569254565575,0.07483916182481648,0.3002368515788066,0.0018866288866732854,18495.202194401718
12696,1.2676211596626485,13.161519669366301,0.35519808568779,0.03903966600875952,0.19287192831696692,0.00041776258774230205,15425.354261150213
12815,2.28695841444242,20.943385069485753,0.21339511863648847,0.016293787613107312,0.2072506048197105,0.002167101847267221,12966.327062334869
12826,2.7669791026396,21.396418863018646,0.15141629145191934,0.027456555966820766,0.2194332067290374,0.0007800470665692126,19846.812712337127
12837,2.947711495454133,23.176718735421108,0.180984486107072,0.0015365619800603218,0.25880539119053325,0.004047322347913014,11502.117639222704
12986,2.9983375120570233,17.50363735416512,0.20503311971434143,0.12052371715317252,0.21161467905065617,0.0043741221628113836,10008.802793896592
13017,5.317465377709745,13.292409388202445,0.12625322213971407,0.08951624239163324,0.4564198001095476,0.01033174759954345,4737.457376154827
13039,2.0216965884108693,7.9988107583553,0.1621638494963876,0.14349341906185895,0.21042354323331497,0.0023606728805636817,6137.929311795813
13239,4.444536646386227,24.479774769647626,0.12914172105792784,0.15658655556706116,0.29182366009703953,0.007512474325785478,6600.953919275767
13463,1.8496670443968941,7.244984614260248,0.13430269401741066,0.0069092670099468075,0.1726615567623966,0.0016071860977685728,5829.550235059309
13622,4.071121062675447,15.986843862448483,0.11178307950203366,0.002106461366593527,0.3062619079079886,0.002439091555870097,16805.332568280595
13906,3.307534418730744,12.030348649643985,0.13238315356461014,0.17523471593351095,0.24649201277673904,0.004993713893542594,2507.808624205576
13988,6.66216540617547,15.672108757048063,0.11152963739636178,0.22001221758807715,0.4022626309112381,0.007845319342334003,3165.164152007673
14066,6.57352994295746,21.683250867992967,0.15304213555225826,0.047222776772676625,0.5325216880742825,0.008919277495145555,5894.737147969803
14157,4.005124193867772,9.654457298110696,0.10308440012260378,0.3997004054845037,0.23799498025841875,0.007518592211038282,1677.5970815259288
14195,2.349335256074359,16.043247149239058,0.17565404734662424,0.0555073015312055,0.2142948698792345,0.004261844970937231,12394.543652666995
14465,4.472011390605212,15.910220221169258,0.2688845806325071,0.6438040117278969,0.3123953125461503,0.006191525500622899,2361.9941115712154
14504,4.38251019908184,11.808608387348924,0.05527316096609604,0.18780881836779487,0.2554955919919374,0.005400272876598224,3501.056576468798
14515,4.088893949873053,17.22793903992869,0.18447324466169493,0.31166294008067863,0.3472952226856155,0.004027978494314379,2984.6620383639574
14704,4.597070528448832,14.954762209510184,0.07775474579926961,0.23602627977767002,0.2814323237965568,0.006662867425618066,2577.9351150668354
14814,3.8893880944751116,12.388806049635829,0.3393294141516221,0.4080203615138415,0.32712526468244196,0.009852026656496007,2084.0767186173293
15397,2.1080228679396167,7.679922942080644,0.1624590765615067,0.009154178154696898,0.22682503210765284,0.003593543005965231,1568.3677208122338
15401,1.8815745685092435,6.300180504252727,0.26986180651991293,0.42742339545327723,0.25312859040161906,0.011369823585765229,1154.741403274655
15562,3.532366944835618,18.301756994406393,0.1352044436364717,0.024898287429097703,0.27318867271670483,0.00177493930032679,24874.980912801464
16180,2.9332262663326976,20.855096783678817,0.060387934404637314,0.07037928836392461,0.19081377453102955,0.0037514589961937846,5328.893324783316
16185,1.1887587138470574,6.471564633812351,0.30311392030739154,0.15227564757098067,0.160598251076864,0.00044184819198446663,5945.50957103968
16987,1.470463185760667,7.67879515454565,0.22113228297846982,0.0874274591197831,0.15292011482583284,0.0021102372397825333,9421.5110642387
17273,2.7343272477750893,16.803668366197495,0.17751013895948073,0.09257696641431776,0.22368246522476892,0.003972595529671172,8972.921022166047
17306,1.3770516813812195,10.038131426442028,0.21150756920997854,0.10160572324188318,0.1449100174252808,0.00031741132146422354,8143.940223803259
17414,5.2707823824421025,20.92525323375532,0.08553905432578286,0.24338388764510738,0.37580330089059544,0.0033376546623316516,2830.698208221631
17478,4.9244868552652505,17.817250641221257,0.2978130494397025,0.019384657900835173,0.31334162441076036,0.008340394430267075,1812.1269369127003
18510,3.0892677807730617,12.802042994538894,0.19672652530744478,0.05287530040780232,0.2984985819396455,0.0020774582158061762,11621.759020215526
18777,2.2651716386567284,5.7977935086322425,0.06574975951748084,0.32834831377567375,0.2160400565944466,0.004480050024663373,1628.8490633164652
18918,2.5003372855866686,10.164776925018288,0.2408141507183582,0.03944309975956903,0.23969597946124885,0.006491367571818967,2748.255431923846
18919,2.343604178461332,9.515106900810126,0.3027083184042653,0.23219897349816426,0.26802257289566755,0.009662962465296392,2009.6590644806843
18958,2.837031620482951,16.16915628135587,0.18622497222195714,0.11523589891203682,0.23983112659447586,0.003656028291746748,3717.7552815857252
19024,3.803736945543864,14.592636929556667,0.09773606349315028,0.031934863286218876,0.300293854076765,0.009575861040525036,2273.675852868386
19057,4.561974427637735,20.701838150578883,0.11869694019126882,0.03470956738495933,0.3683874115669307,0.004464387021720326,4741.850371329947
19211,2.5934889923154705,14.353772473143112,0.1563741481022291,0.14701003044117822,0.25278248224588273,0.0029966736977512327,7490.908178353271
19583,2.7202069794972656,17.416756678951774,0.13098021917934002,0.007045250930988857,0.22051210008976924,0.0014410241416826285,21841.706778085583
19592,2.7923153916860515,9.10783576673308,0.15753631597421947,0.16925087794874413,0.24535999422347604,0.008397470400596758,1722.9587306592111
19722,2.938493708190833,13.87360633386183,0.1766339366037368,0.018280637680514297,0.2622125663925995,0.0023989513544579407,13145.442588735386
20243,2.920223432439507,12.200978112298934,0.10439443827858538,0.01074791539172081,0.22358095071348894,0.004005309423640279,12328.972524722383
21205,3.658422398325101,8.776738434274458,0.12586951339873953,0.505757417024213,0.27855836994682165,0.010361365498172972,1519.4594527049514
21210,2.723447535438879,13.950677055949676,0.1919170052425178,0.07983077587693578,0.23052710006874022,0.0022786246072392705,4155.588609003353
21537,2.1062795360190982,7.815500684125317,0.22910083692355548,0.045052554497807124,0.18706710749677583,0.004502743858495377,5796.592138344878
21997,3.6848655716702914,15.705561057097276,0.052765741394757565,0.14122139433853248,0.24401815840974808,0.006827434945899576,4313.049877157644
22015,2.685240646916348,13.912931032079545,0.23232722627679614,0.20124915994248102,0.2696323676742022,0.0028319369495386653,1503.8687608479456
22173,2.1990510976498703,25.07324945876065,0.20182098321313058,0.04786928130731097,0.2215116803849931,0.0015293970153532341,11583.61902013839
22307,2.8623908128908133,6.804139703988749,0.15048276456533838,0.05971296579736635,0.21934011299436,0.007463170169175298,1242.453069190721
22316,2.601171874749854,7.815393832209,0.11722679131552814,0.07854512939705373,0.2101667431922167,0.00946861491431171,1504.6183127789204
22746,4.470432141189716,9.389784247988548,0.06842058143960497,0.2533561060690933,0.27937618421374316,0.016210445946732578,1579.4564251979014
22752,4.995295912463882,9.448583000078118,0.0659234543604905,0.03688373375137165,0.3507360068106916,0.012814667209481137,1899.8931426067215
22977,2.504277777609555,9.345247057013482,0.09197795061528848,0.22795206173978486,0.23876883094454843,0.008504708072594213,1707.2036675783272
23300,4.193306890575754,46.250149636648295,0.15964030532298676,0.3043442792107338,0.36478087908396223,0.003654596813425684,2021.4735072655526
23307,5.666741372596235,36.31709449080184,0.052355896585604494,0.012383805106610394,0.3825349146957664,0.01557451798008841,1821.7114866428506
23531,1.7139500153687246,9.515966314235403,0.19537869149971657,0.08232161058254647,0.1829809938312845,0.002137040042841147,4707.349630943238
23594,1.2396593627585586,6.815524871084709,0.3163288342116072,0.027389457543752296,0.16235114388027388,0.004020913783593525,5163.519144256348
23931,1.6307406287780533,14.707602627727045,0.23022341655067272,0.06144284672313697,0.1823684068384393,0.001914957775559497,6849.68523162786
24342,1.8897711306752805,11.997944212067456,0.25326749821167244,0.0745899697564618,0.17556682214427488,0.0007710384876271087,5452.854402089322
24668,1.9369614927845729,20.1415142420334,0.4483897368988041,0.010710016217928484,0.22937114595080593,0.0005861424944534649,25774.47059289753
25037,2.1605920570175288,17.201661437287683,0.24436792757085316,0.06224976995092511,0.24244303096663847,0.0005214115073598171,9419.282561184858
25054,1.670096771420556,14.488615069370876,0.23536257837644994,0.06983644899666885,0.18534214911616792,0.0015445537852353218,5961.704231350143
25421,2.9022888217575873,15.91716003167459,0.16999394422698594,0.037421701525137595,0.2130743450066363,0.00218521213381146,13465.799324868414
25448,2.2999783034767813,17.452534949340816,0.2171423174135649,0.10049641135518689,0.23305324161871735,0.0003158378519451708,5556.807121548038
25619,1.5445281321892188,12.242734365827053,0.29478014995123125,0.1633486450003612,0.18548194684362138,0.0018848504906133748,4366.131193045552
25927,3.8310013074662406,18.34584988393118,0.18195502432142474,0.023872899812680957,0.2971828535114768,0.0027374885272413055,11295.843137733911
27144,2.2073588233630526,20.450535077808688,0.18907376259394568,0.07197982612606521,0.20719245384371549,0.0034911366344069043,5610.526415243534
