speed,outreach_ratio,mean_acceleration,distance_traveled,cluster,is_male,id
2.669733592018128,0.08633452088020731,0.2819458170353255,15439.795209739234,2,0,MC_singlenuc23_1_Tk33_021220__0001_vid__1330
2.3060831250498244,0.027859698767995184,0.27233158493000326,19066.584148456575,8,0,MC_singlenuc23_1_Tk33_021220__0001_vid__1573
2.8845468887820194,0.032662399235211886,0.2693838480994586,12638.557458162413,2,0,MC_singlenuc23_1_Tk33_021220__0001_vid__1640
2.8670007793080847,0.08899387145669717,0.29519465030797976,7729.860738060603,0,0,MC_singlenuc23_1_Tk33_021220__0001_vid__1748
2.6460485496473325,0.0219368144858208,0.2681527339818777,10632.973318119115,4,0,MC_singlenuc23_1_Tk33_021220__0001_vid__2085
3.2178605174569945,0.010309639512222213,0.27869349963908335,10520.549838716408,4,0,MC_singlenuc23_1_Tk33_021220__0001_vid__2090
2.9306362289455827,0.010395003917642734,0.2757815658064893,7952.6734577155785,4,0,MC_singlenuc23_1_Tk33_021220__0001_vid__2095
2.079035490640858,0.09213129226593668,0.23978401487821446,20911.876328377264,8,0,MC_singlenuc23_1_Tk33_021220__0001_vid__2962
3.778883160261587,0.08454004629584431,0.2741459215946507,9792.687814084202,4,1,MC_singlenuc23_1_Tk33_021220__0002_vid__10717
2.5609592162207657,0.08332176634054735,0.21605617697644558,19636.17809528417,8,0,MC_singlenuc23_1_Tk33_021220__0002_vid__10749
3.0379864779794152,0.03154650453215,0.26493387208589725,16834.065242443427,8,1,MC_singlenuc23_1_Tk33_021220__0002_vid__10795
2.7249273992939314,0.03419839613314403,0.227580605288482,10678.945465046456,4,0,MC_singlenuc23_1_Tk33_021220__0002_vid__11688
2.752505436940637,0.06216038450120204,0.232412218578158,9039.845863730767,4,1,MC_singlenuc23_1_Tk33_021220__0002_vid__11808
4.0661406148697665,0.07483916182481648,0.3002368515788066,18495.202194401718,8,1,MC_singlenuc23_1_Tk33_021220__0002_vid__12384
1.2676211596626485,0.03903966600875952,0.19287192831696692,15425.354261150213,2,0,MC_singlenuc23_1_Tk33_021220__0002_vid__12696
2.28695841444242,0.016293787613107312,0.2072506048197105,12966.327062334869,4,0,MC_singlenuc23_1_Tk33_021220__0002_vid__12815
2.7669791026396,0.027456555966820766,0.2194332067290374,19846.812712337127,8,1,MC_singlenuc23_1_Tk33_021220__0002_vid__12826
2.947711495454133,0.0015365619800603218,0.25880539119053325,11502.117639222704,4,0,MC_singlenuc23_1_Tk33_021220__0002_vid__12837
2.9983375120570233,0.12052371715317252,0.21161467905065617,10008.802793896592,4,1,MC_singlenuc23_1_Tk33_021220__0002_vid__12986
2.0216965884108693,0.14349341906185895,0.21042354323331497,6137.929311795813,6,0,MC_singlenuc23_1_Tk33_021220__0002_vid__13039
2.015792757947724,0.08298823413308103,0.22674886675453668,18082.04004882611,8,0,MC_singlenuc23_1_Tk33_021220__0002_vid__8931
4.29906873322666,0.06415913571583522,0.4057548561216763,11865.650534601391,2,1,MC_singlenuc23_1_Tk33_021220__0002_vid__8981
2.4837571070358617,0.07565684846986917,0.2746689550327611,7722.162270265222,0,0,MC_singlenuc23_1_Tk33_021220__0003_vid__6154
3.2041038861122173,0.1108047690793202,0.344855386065868,9730.508466988726,7,0,MC_singlenuc23_1_Tk33_021220__0003_vid__6166
2.8626562976646213,0.0613216400137582,0.31072147324943084,8100.249312185992,7,0,MC_singlenuc23_1_Tk33_021220__0003_vid__6270
6.779169779563848,0.025886606941064507,0.42200676516851876,5424.2150618217365,3,0,MC_singlenuc23_8_Tk33_031720__0001_vid__2244
8.927620914007226,0.07661480105066376,0.7110142581573896,4744.522047772787,3,1,MC_singlenuc23_8_Tk33_031720__0001_vid__2340
5.527592088908636,0.04415362856341275,0.34443718388377176,3633.7687163336855,1,0,MC_singlenuc23_8_Tk33_031720__0001_vid__2344
5.1312006399303645,0.3743226732845489,0.32490494362979333,1953.8329741457192,1,0,MC_singlenuc23_8_Tk33_031720__0001_vid__2345
5.20596366632622,0.12829886614542543,0.4167297714399313,3496.82224575673,3,1,MC_singlenuc23_8_Tk33_031720__0001_vid__2460
3.6681178881654075,0.554083182448637,0.3446162856505799,1986.89462132976,1,0,MC_singlenuc23_8_Tk33_031720__0001_vid__2466
6.342921533906785,0.33843050720910484,0.599826192870155,3773.739927487437,3,1,MC_singlenuc23_8_Tk33_031720__0001_vid__2467
4.786052970796316,0.39371023467603006,0.46034910829158826,3580.5071379461283,3,1,MC_singlenuc23_8_Tk33_031720__0001_vid__2488
5.783099058263318,0.6289546385955507,0.41994116929319736,2406.9211455837176,1,0,MC_singlenuc23_8_Tk33_031720__0001_vid__2489
8.265304777986687,0.3231879374492889,0.44922197427235755,3891.8947306957825,1,0,MC_singlenuc23_8_Tk33_031720__0001_vid__2647
4.220434031155223,0.11222707109487322,0.32935501295262015,3581.6643834532883,3,0,MC_singlenuc23_8_Tk33_031720__0001_vid__277
4.875756730323399,0.24809062295133516,0.37047309360916014,3776.677444788393,3,0,MC_singlenuc23_8_Tk33_031720__0001_vid__2865
3.395226067014465,0.2358910078813183,0.268364511790471,3053.2874156756006,1,0,MC_singlenuc23_8_Tk33_031720__0001_vid__2866
5.244739212694062,0.39479518140720243,0.3237422087791939,3039.034217785778,1,0,MC_singlenuc23_8_Tk33_031720__0001_vid__2928
3.952062078650382,0.4147179645816816,0.40164616572080236,2674.7300099586273,1,0,MC_singlenuc23_8_Tk33_031720__0001_vid__2929
6.507560989593527,0.10812100436949983,0.5190441472744433,3945.989114189545,3,0,MC_singlenuc23_8_Tk33_031720__0001_vid__2931
5.565221895090943,0.05610801763909328,0.41416840051983533,5909.721802624659,3,0,MC_singlenuc23_8_Tk33_031720__0001_vid__2999
4.488214331451628,0.8339935663766296,0.3749405061086449,1751.6146990913508,1,0,MC_singlenuc23_8_Tk33_031720__0001_vid__3205
6.529783361924763,0.06957877033420123,0.5102432414501983,2832.0418566182375,3,0,MC_singlenuc23_8_Tk33_031720__0001_vid__3236
7.387823301028084,0.4082117808226567,0.46420483391795087,2828.6786709396188,1,0,MC_singlenuc23_8_Tk33_031720__0001_vid__493
3.275614306608901,0.23225580905703927,0.34064684166741743,2869.981472806941,3,0,MC_singlenuc23_8_Tk33_031720__0001_vid__494
7.122791794355674,0.182925179036844,0.5802131056544483,3903.8905891947506,3,1,MC_singlenuc23_8_Tk33_031720__0001_vid__495
5.294965118997337,0.4164503775156253,0.38411633213681967,2977.8084486280763,1,0,MC_singlenuc23_8_Tk33_031720__0001_vid__581
9.085833760343858,0.16799925309493718,0.892973802621049,4740.938434251085,3,1,MC_singlenuc23_8_Tk33_031720__0001_vid__808
4.61961791512303,0.2838991868117872,0.27023959654753044,2386.537318402715,1,0,MC_singlenuc24_4_Tk47_030320__0001_vid__299
4.735830763831865,0.24938855280932795,0.3841221572656931,4694.8526995966085,3,1,MC_singlenuc24_4_Tk47_030320__0001_vid__454
1.1775214598844403,0.1967875673783958,0.18237079568924242,823.230408679018,6,0,MC_singlenuc24_4_Tk47_030320__0001_vid__484
2.56079352146628,0.2252789685735507,0.24717506101725242,1285.4029627057919,1,0,MC_singlenuc24_4_Tk47_030320__0001_vid__541
3.7161464646442255,0.020709570419320554,0.29870888285349756,1857.0679417845986,1,0,MC_singlenuc24_4_Tk47_030320__0001_vid__574
4.936142261286532,0.07083028980181821,0.38625998743767553,6670.327559898726,0,1,MC_singlenuc24_4_Tk47_030320__0002_vid__1687
3.1678637529926617,0.4539841344444868,0.2608281065776719,1541.02215814069,1,0,MC_singlenuc24_4_Tk47_030320__0002_vid__1853
5.856687936997789,0.13007893261743486,0.5180958821630739,4466.038435135622,3,1,MC_singlenuc24_4_Tk47_030320__0002_vid__1907
3.4142491180933865,0.6036165500125018,0.23818459396490818,1328.81571631424,1,0,MC_singlenuc24_4_Tk47_030320__0002_vid__1914
2.753405351983542,0.45646380348188037,0.2190004938007735,2731.5506424227656,1,0,MC_singlenuc24_4_Tk47_030320__0002_vid__2457
2.9229045202866994,0.057043279962227765,0.2532191804124325,4399.172160040424,6,1,MC_singlenuc24_4_Tk47_030320__0002_vid__2489
3.776928557175795,0.2809113346185701,0.2861824741149823,1949.984837913262,1,0,MC_singlenuc24_4_Tk47_030320__0002_vid__3130
4.692883490900142,0.08767055506376438,0.3783527138322753,3471.4667418063013,3,1,MC_singlenuc24_4_Tk47_030320__0002_vid__3261
3.3398097028300366,0.28815070235796963,0.2924991342359398,2822.7346895963597,1,1,MC_singlenuc24_4_Tk47_030320__0002_vid__3394
4.468239299663468,0.3335196735158301,0.35488416975967796,1845.0064924431713,1,1,MC_singlenuc24_4_Tk47_030320__0002_vid__3425
2.830984406715487,0.49863025340541867,0.20948259782905757,1394.9207391172486,1,0,MC_singlenuc24_4_Tk47_030320__0002_vid__3426
4.60971841808732,0.3717724398525197,0.35823276176707786,1816.6763249508053,1,0,MC_singlenuc24_4_Tk47_030320__0002_vid__349
3.90877490630955,0.05353809062852527,0.2973905302111633,6388.7098421630635,6,1,MC_singlenuc24_4_Tk47_030320__0002_vid__3553
4.66865814839766,0.288464972286161,0.39255831835941923,2958.2834997748096,3,1,MC_singlenuc24_4_Tk47_030320__0002_vid__451
4.694183185445408,0.22757825942073492,0.3689705346273412,3088.8816898052587,3,1,MC_singlenuc24_4_Tk47_030320__0002_vid__6822
3.27441406067217,0.5327956820147042,0.3111323382036081,1613.9273586176364,1,0,MC_singlenuc24_4_Tk47_030320__0002_vid__6833
6.1078821037099065,0.3087895929009322,0.6895816443776752,3239.5924384007394,3,1,MC_singlenuc24_4_Tk47_030320__0002_vid__767
5.0036192160773005,0.03572077099875467,0.37902051014293237,3068.113909716706,1,0,MC_singlenuc24_4_Tk47_030320__0002_vid__82
5.6028742537474505,0.046304542697578104,0.44421911730756275,9306.410867654304,7,1,MC_singlenuc24_4_Tk47_030320__0002_vid__85
4.469453780570034,0.20339243166974388,0.3024833394913816,2615.042269617096,1,0,MC_singlenuc24_4_Tk47_030320__0002_vid__97
3.9203363316604527,0.025674356267515838,0.2881923969535401,26697.15936850079,5,1,MC_singlenuc28_1_Tk3_022520__0001_vid__3093
2.7202069794972656,0.007045250930988857,0.22051210008976924,21841.706778085583,5,1,MC_singlenuc28_1_Tk3_022520__0002_vid__19583
2.920223432439507,0.01074791539172081,0.22358095071348894,12328.972524722383,4,1,MC_singlenuc28_1_Tk3_022520__0002_vid__20243
2.9022888217575873,0.037421701525137595,0.2130743450066363,13465.799324868414,4,1,MC_singlenuc28_1_Tk3_022520__0002_vid__25421
4.071121062675447,0.002106461366593527,0.3062619079079886,16805.332568280595,8,1,MC_singlenuc28_1_Tk3_022520__0003_vid__13622
2.349335256074359,0.0555073015312055,0.2142948698792345,12394.543652666995,4,0,MC_singlenuc28_1_Tk3_022520__0003_vid__14195
3.532366944835618,0.024898287429097703,0.27318867271670483,24874.980912801464,5,1,MC_singlenuc28_1_Tk3_022520__0003_vid__15562
2.938493708190833,0.018280637680514297,0.2622125663925995,13145.442588735386,4,0,MC_singlenuc28_1_Tk3_022520__0003_vid__19722
2.1990510976498703,0.04786928130731097,0.2215116803849931,11583.61902013839,4,0,MC_singlenuc28_1_Tk3_022520__0003_vid__22173
1.7139500153687246,0.08232161058254647,0.1829809938312845,4707.349630943238,6,0,MC_singlenuc28_1_Tk3_022520__0003_vid__23531
1.2396593627585586,0.027389457543752296,0.16235114388027388,5163.519144256348,6,0,MC_singlenuc28_1_Tk3_022520__0003_vid__23594
1.6307406287780533,0.06144284672313697,0.1823684068384393,6849.68523162786,6,0,MC_singlenuc28_1_Tk3_022520__0003_vid__23931
1.8897711306752805,0.0745899697564618,0.17556682214427488,5452.854402089322,6,0,MC_singlenuc28_1_Tk3_022520__0003_vid__24342
1.9369614927845729,0.010710016217928484,0.22937114595080593,25774.47059289753,5,1,MC_singlenuc28_1_Tk3_022520__0003_vid__24668
2.1605920570175288,0.06224976995092511,0.24244303096663847,9419.282561184858,4,1,MC_singlenuc28_1_Tk3_022520__0003_vid__25037
1.670096771420556,0.06983644899666885,0.18534214911616792,5961.704231350143,6,0,MC_singlenuc28_1_Tk3_022520__0003_vid__25054
2.2999783034767813,0.10049641135518689,0.23305324161871735,5556.807121548038,6,1,MC_singlenuc28_1_Tk3_022520__0003_vid__25448
1.5445281321892188,0.1633486450003612,0.18548194684362138,4366.131193045552,6,0,MC_singlenuc28_1_Tk3_022520__0003_vid__25619
3.8310013074662406,0.023872899812680957,0.2971828535114768,11295.843137733911,4,1,MC_singlenuc28_1_Tk3_022520__0003_vid__25927
2.2073588233630526,0.07197982612606521,0.20719245384371549,5610.526415243534,6,0,MC_singlenuc28_1_Tk3_022520__0003_vid__27144
3.0892677807730617,0.05287530040780232,0.2984985819396455,11621.759020215526,2,0,MC_singlenuc28_1_Tk3_022520__0004_vid__18510
2.5934889923154705,0.14701003044117822,0.25278248224588273,7490.908178353271,6,0,MC_singlenuc28_1_Tk3_022520__0004_vid__19211
4.011609424190929,0.053987242944514006,0.36306668441335993,14359.42339258963,2,1,MC_singlenuc28_1_Tk3_022520__0004_vid__5828
3.2886642726963444,0.024572332013999526,0.3329738972636371,30156.464938640114,5,1,MC_singlenuc28_1_Tk3_022520__0004_vid__6004
8.387757116385346,0.2908219880706184,0.5535611977123005,3906.4127284978567,3,0,MC_singlenuc34_3_Tk43_030320__0001_vid__11041
5.854916540184236,0.07533382175478327,0.3966139302338388,5730.813987452154,3,1,MC_singlenuc34_3_Tk43_030320__0001_vid__12022
4.3852217520370145,0.0550181784946835,0.3203490151737682,3853.98708907964,6,0,MC_singlenuc34_3_Tk43_030320__0001_vid__12090
4.444536646386227,0.15658655556706116,0.29182366009703953,6600.953919275767,6,0,MC_singlenuc34_3_Tk43_030320__0001_vid__13239
4.472011390605212,0.6438040117278969,0.3123953125461503,2361.9941115712154,1,0,MC_singlenuc34_3_Tk43_030320__0001_vid__14465
4.088893949873053,0.31166294008067863,0.3472952226856155,2984.6620383639574,1,0,MC_singlenuc34_3_Tk43_030320__0001_vid__14515
3.8893880944751116,0.4080203615138415,0.32712526468244196,2084.0767186173293,1,0,MC_singlenuc34_3_Tk43_030320__0001_vid__14814
7.223757940028824,0.08842639075685371,0.4685110891935934,6933.838023166414,3,0,MC_singlenuc34_3_Tk43_030320__0001_vid__3107
4.982890013388538,0.09911484527243943,0.469954800558284,4021.00396472836,3,1,MC_singlenuc34_3_Tk43_030320__0001_vid__3365
4.424834151521216,0.10544935959214582,0.3089378031082104,3778.898535192067,3,0,MC_singlenuc34_3_Tk43_030320__0001_vid__3451
6.848159098624726,0.13212444002077106,0.5754220319665152,9637.13241317633,7,1,MC_singlenuc34_3_Tk43_030320__0001_vid__3921
4.952904730377781,0.3698199571857676,0.39689549518725264,2637.506458591422,1,0,MC_singlenuc34_3_Tk43_030320__0001_vid__429
4.653700519004813,0.2139034398909017,0.4118049115310388,4580.772976642354,3,1,MC_singlenuc34_3_Tk43_030320__0001_vid__4722
3.4278614089954327,0.19929197555215855,0.3771947254868155,1387.612405246594,3,0,MC_singlenuc34_3_Tk43_030320__0001_vid__5339
1.3219367141576914,0.018531954149711947,0.28723964435539284,3294.035299125067,3,1,MC_singlenuc34_3_Tk43_030320__0001_vid__5469
1.6729556440302011,0.5202664551682623,0.15780862521276168,693.4653102794814,1,0,MC_singlenuc34_3_Tk43_030320__0001_vid__5480
4.952443795097367,0.8953431228687831,0.31342984688634623,1621.8916182234846,1,0,MC_singlenuc34_3_Tk43_030320__0001_vid__5997
1.6010972322665895,0.5763386206956813,0.17737683328372222,1841.9646472025909,1,0,MC_singlenuc34_3_Tk43_030320__0001_vid__6117
5.127511257521616,0.03194391397319009,0.5364325111208526,2789.7955360321434,3,1,MC_singlenuc34_3_Tk43_030320__0001_vid__6637
4.428690486450688,0.3174315832708471,0.3054100625772373,3824.912483248512,3,0,MC_singlenuc34_3_Tk43_030320__0001_vid__7881
6.351748660231567,0.19370588033232836,0.5720474730464324,5434.845404908584,3,1,MC_singlenuc34_3_Tk43_030320__0001_vid__8039
7.225477508049582,0.21766892848453542,0.5706979333330646,2924.376457849876,3,1,MC_singlenuc34_3_Tk43_030320__0001_vid__8814
2.5068908491959805,0.14535364837741638,0.23822187436178066,1418.7731494479353,6,0,MC_singlenuc34_3_Tk43_030320__0001_vid__9290
3.5640662108731234,0.20337219111029148,0.4404919069919554,1680.8622228668476,3,1,MC_singlenuc34_3_Tk43_030320__0001_vid__9351
6.328546213477565,0.14767573676118045,0.5275927174213665,4961.190231343295,3,0,MC_singlenuc34_3_Tk43_030320__0001_vid__9712
3.0278414943535963,0.13336010638944173,0.21843633445313757,9182.11510272049,6,0,MC_singlenuc35_11_Tk61_051220__0001_vid__2402
3.9562523433992,0.07236413106457462,0.32748702789564804,6329.4645301443015,6,1,MC_singlenuc35_11_Tk61_051220__0001_vid__2433
2.872628811833799,0.06794808440516474,0.19204099859496537,8431.929431899738,6,0,MC_singlenuc35_11_Tk61_051220__0001_vid__3936
3.3443761083745773,0.14270700980249942,0.21973657675584982,5531.5214435483485,6,1,MC_singlenuc35_11_Tk61_051220__0001_vid__3969
2.3462834879962498,0.10727856353247132,0.21632570401444634,5196.826820599374,6,0,MC_singlenuc35_11_Tk61_051220__0001_vid__3980
2.8765343124692673,0.1605918136307959,0.20983157855690376,5065.978703655996,6,0,MC_singlenuc35_11_Tk61_051220__0001_vid__4003
3.536600356927713,0.06943840558261416,0.26275793259787905,11423.973471567017,4,1,MC_singlenuc35_11_Tk61_051220__0001_vid__4273
2.415459637691472,0.10457775418130119,0.1837549449922985,5958.095763876545,6,0,MC_singlenuc35_11_Tk61_051220__0001_vid__4291
2.7859986486493327,0.05024557478673095,0.21461524297948073,4701.698105539139,6,0,MC_singlenuc35_11_Tk61_051220__0001_vid__4296
3.5736237875952903,0.06434618593708645,0.2511427315251367,11788.26567667627,4,1,MC_singlenuc35_11_Tk61_051220__0001_vid__4573
3.76580987937094,0.06015961537079079,0.24451773244501065,5251.658034076645,6,0,MC_singlenuc35_11_Tk61_051220__0001_vid__4597
4.937072092374097,0.045596163989235314,0.4316687286649845,16146.790447979272,8,1,MC_singlenuc35_11_Tk61_051220__0002_vid__1581
2.3501625645784996,0.2891087561915353,0.1644609190609019,3584.4140466101553,3,0,MC_singlenuc35_11_Tk61_051220__0002_vid__1635
4.324765528346432,0.11737134897811573,0.4212623158973597,7713.523942936656,0,1,MC_singlenuc35_11_Tk61_051220__0002_vid__1637
2.385089614054451,0.1708309771516705,0.16978193625585908,4673.682916213151,6,0,MC_singlenuc35_11_Tk61_051220__0002_vid__2102
4.175128802548693,0.07275390774975432,0.3341196807084009,6125.914636625409,6,1,MC_singlenuc35_11_Tk61_051220__0002_vid__2105
2.707554481122178,0.1457969533653326,0.19273288886083634,4579.118740186497,6,0,MC_singlenuc35_11_Tk61_051220__0002_vid__3257
4.063996185172844,0.011924022922699524,0.3780026617187199,7160.731596116487,0,1,MC_singlenuc35_11_Tk61_051220__0002_vid__3267
2.8739463850695692,0.06379664171326294,0.23537027051115836,4172.325737447851,6,0,MC_singlenuc35_11_Tk61_051220__0002_vid__45
4.356274561822695,0.07237379356860262,0.4080311733258008,8767.612017360267,7,1,MC_singlenuc35_11_Tk61_051220__0002_vid__47
2.2656910950630764,0.17854484763812276,0.20841254984072055,5826.032529484226,6,0,MC_singlenuc35_11_Tk61_051220__0002_vid__605
5.10024951704493,0.06139790354768782,0.4518893984825206,11988.210797206739,2,1,MC_singlenuc35_11_Tk61_051220__0002_vid__612
2.2899390271473257,0.19439972158663898,0.18440215039573155,4667.404481470818,6,0,MC_singlenuc35_11_Tk61_051220__0002_vid__622
3.865505959243722,0.041445740519262184,0.4064689333891746,7192.8612723425995,0,1,MC_singlenuc35_11_Tk61_051220__0002_vid__623
2.1080228679396167,0.009154178154696898,0.22682503210765284,1568.3677208122338,6,0,MC_singlenuc36_2_Tk3_030320__0001_vid__15397
1.8815745685092435,0.42742339545327723,0.25312859040161906,1154.741403274655,1,0,MC_singlenuc36_2_Tk3_030320__0001_vid__15401
5.2707823824421025,0.24338388764510738,0.37580330089059544,2830.698208221631,1,0,MC_singlenuc36_2_Tk3_030320__0001_vid__17414
4.9244868552652505,0.019384657900835173,0.31334162441076036,1812.1269369127003,1,0,MC_singlenuc36_2_Tk3_030320__0001_vid__17478
2.2651716386567284,0.32834831377567375,0.2160400565944466,1628.8490633164652,1,0,MC_singlenuc36_2_Tk3_030320__0001_vid__18777
2.5003372855866686,0.03944309975956903,0.23969597946124885,2748.255431923846,6,0,MC_singlenuc36_2_Tk3_030320__0001_vid__18918
2.343604178461332,0.23219897349816426,0.26802257289566755,2009.6590644806843,3,0,MC_singlenuc36_2_Tk3_030320__0001_vid__18919
2.837031620482951,0.11523589891203682,0.23983112659447586,3717.7552815857252,6,0,MC_singlenuc36_2_Tk3_030320__0001_vid__18958
3.803736945543864,0.031934863286218876,0.300293854076765,2273.675852868386,1,0,MC_singlenuc36_2_Tk3_030320__0001_vid__19024
4.561974427637735,0.03470956738495933,0.3683874115669307,4741.850371329947,3,0,MC_singlenuc36_2_Tk3_030320__0001_vid__19057
2.7923153916860515,0.16925087794874413,0.24535999422347604,1722.9587306592111,6,0,MC_singlenuc36_2_Tk3_030320__0001_vid__19592
3.658422398325101,0.505757417024213,0.27855836994682165,1519.4594527049514,1,0,MC_singlenuc36_2_Tk3_030320__0001_vid__21205
2.723447535438879,0.07983077587693578,0.23052710006874022,4155.588609003353,6,0,MC_singlenuc36_2_Tk3_030320__0001_vid__21210
3.6848655716702914,0.14122139433853248,0.24401815840974808,4313.049877157644,6,0,MC_singlenuc36_2_Tk3_030320__0001_vid__21997
2.685240646916348,0.20124915994248102,0.2696323676742022,1503.8687608479456,1,0,MC_singlenuc36_2_Tk3_030320__0001_vid__22015
2.8623908128908133,0.05971296579736635,0.21934011299436,1242.453069190721,6,0,MC_singlenuc36_2_Tk3_030320__0001_vid__22307
2.601171874749854,0.07854512939705373,0.2101667431922167,1504.6183127789204,6,0,MC_singlenuc36_2_Tk3_030320__0001_vid__22316
4.470432141189716,0.2533561060690933,0.27937618421374316,1579.4564251979014,1,0,MC_singlenuc36_2_Tk3_030320__0001_vid__22746
4.995295912463882,0.03688373375137165,0.3507360068106916,1899.8931426067215,1,0,MC_singlenuc36_2_Tk3_030320__0001_vid__22752
2.504277777609555,0.22795206173978486,0.23876883094454843,1707.2036675783272,1,0,MC_singlenuc36_2_Tk3_030320__0001_vid__22977
4.193306890575754,0.3043442792107338,0.36478087908396223,2021.4735072655526,1,0,MC_singlenuc36_2_Tk3_030320__0001_vid__23300
5.666741372596235,0.012383805106610394,0.3825349146957664,1821.7114866428506,1,0,MC_singlenuc36_2_Tk3_030320__0001_vid__23307
3.612559250910926,0.550278244190782,0.3241376354400117,2307.4447553188957,1,1,MC_singlenuc36_2_Tk3_030320__0001_vid__2837
3.64001721779279,0.061724415196191894,0.31918655781162,12494.73000934906,2,1,MC_singlenuc36_2_Tk3_030320__0001_vid__291
4.808747237604802,0.10101376027198448,0.4183312016123461,8253.542556299355,0,1,MC_singlenuc36_2_Tk3_030320__0001_vid__6367
2.888146398772527,0.3566021732433237,0.19458590699652592,2264.598560401327,1,0,MC_singlenuc37_2_Tk17_030320__0001_vid__10144
4.122610621805751,0.016442937232096375,0.31256764551782745,7515.509401999869,6,0,MC_singlenuc37_2_Tk17_030320__0001_vid__12084
4.899890156653823,0.08154912269128455,0.3427806718971384,2681.875937722515,1,1,MC_singlenuc37_2_Tk17_030320__0001_vid__1263
1.8496670443968941,0.0069092670099468075,0.1726615567623966,5829.550235059309,6,0,MC_singlenuc37_2_Tk17_030320__0001_vid__13463
3.307534418730744,0.17523471593351095,0.24649201277673904,2507.808624205576,1,0,MC_singlenuc37_2_Tk17_030320__0001_vid__13906
6.66216540617547,0.22001221758807715,0.4022626309112381,3165.164152007673,1,0,MC_singlenuc37_2_Tk17_030320__0001_vid__13988
4.005124193867772,0.3997004054845037,0.23799498025841875,1677.5970815259288,1,0,MC_singlenuc37_2_Tk17_030320__0001_vid__14157
4.38251019908184,0.18780881836779487,0.2554955919919374,3501.056576468798,1,0,MC_singlenuc37_2_Tk17_030320__0001_vid__14504
4.597070528448832,0.23602627977767002,0.2814323237965568,2577.9351150668354,1,0,MC_singlenuc37_2_Tk17_030320__0001_vid__14704
6.6152757994054605,0.22901405766217156,0.4306706100735495,3571.506155800549,1,0,MC_singlenuc37_2_Tk17_030320__0001_vid__1932
4.370756965865717,0.42189669479786435,0.280280966523759,1828.5632136809954,1,0,MC_singlenuc37_2_Tk17_030320__0001_vid__2221
6.090244576103677,0.23374913425636382,0.4358578224053809,2481.4647146608477,1,0,MC_singlenuc37_2_Tk17_030320__0001_vid__3235
5.209140806665303,0.15382158759650588,0.2748743851498999,3046.7329237164367,1,0,MC_singlenuc37_2_Tk17_030320__0001_vid__3305
3.56911798454926,0.20722140031625658,0.29940866648430237,5775.575923894019,3,1,MC_singlenuc37_2_Tk17_030320__0001_vid__3470
4.784928634852071,0.2604572533989286,0.34965187323749664,2071.837891460032,1,0,MC_singlenuc37_2_Tk17_030320__0001_vid__3482
1.708286954790495,0.45391444720030666,0.1773852953719048,1790.491305524444,1,0,MC_singlenuc37_2_Tk17_030320__0001_vid__3976
3.829706674593043,0.33903616229165723,0.2565265241198485,2507.7747886949346,1,0,MC_singlenuc37_2_Tk17_030320__0001_vid__4025
5.572431862551173,0.049217830625400846,0.4175303921133482,4773.452131758095,3,0,MC_singlenuc37_2_Tk17_030320__0001_vid__4044
6.2436873060356834,0.04467077302362582,0.3470684499346212,2978.3174731520976,1,0,MC_singlenuc37_2_Tk17_030320__0001_vid__4176
2.8244656069556666,0.23515466366995855,0.2673514886935998,2009.6769785433387,1,0,MC_singlenuc37_2_Tk17_030320__0001_vid__4433
5.315613235495431,0.2132829081874901,0.42431121244135384,2080.8242662890502,1,1,MC_singlenuc37_2_Tk17_030320__0001_vid__5553
3.54220212341658,0.07286962375114009,0.3286779588295559,7956.735594664161,0,1,MC_singlenuc37_2_Tk17_030320__0001_vid__562
6.662880426364563,0.0834372916629071,0.38685077629809833,2954.812078821059,1,1,MC_singlenuc37_2_Tk17_030320__0001_vid__5857
3.524519019266131,0.5476124030073061,0.24754370739745238,1373.3237100993351,1,0,MC_singlenuc37_2_Tk17_030320__0001_vid__6662
3.6005580619589823,0.019863286801959396,0.2528325398290559,7172.860888092482,6,0,MC_singlenuc37_2_Tk17_030320__0001_vid__9014
0.9454747141187982,0.16762811917652579,0.13848970642177724,2179.2868941716433,6,0,MC_singlenuc40_2_Tk3_030920__0001_vid__136
3.1236326869339757,0.0830030297520368,0.2532199983004046,13529.000364651845,4,0,MC_singlenuc40_2_Tk3_030920__0001_vid__17
3.4245521794283147,0.1901541818265328,0.2426715685400091,5616.805677959576,6,0,MC_singlenuc40_2_Tk3_030920__0001_vid__177
1.663800382266744,0.027138569484897214,0.17913440459404484,21258.660166860187,8,1,MC_singlenuc40_2_Tk3_030920__0001_vid__18
1.8208885908019639,0.09187156913582198,0.19446695996886956,3145.327313041743,6,0,MC_singlenuc40_2_Tk3_030920__0001_vid__184
1.8205724964885883,0.10576237961262429,0.19784320068618222,5054.747861993652,6,0,MC_singlenuc40_2_Tk3_030920__0001_vid__2402
1.201022176402449,0.20177080038462883,0.16416344827495563,2810.9094253400654,6,0,MC_singlenuc40_2_Tk3_030920__0001_vid__2429
3.8223700782484915,0.10479307248213025,0.26563327916449886,5953.052350597072,6,0,MC_singlenuc40_2_Tk3_030920__0001_vid__3288
2.650353974465874,0.28545257169143784,0.20653889715217755,3833.7478289281175,3,0,MC_singlenuc40_2_Tk3_030920__0001_vid__3337
3.9366767536463763,0.016952535464895356,0.31916434392038473,8484.93700032365,7,1,MC_singlenuc40_2_Tk3_030920__0001_vid__353
2.2938346931940954,0.013642200838416678,0.2133936067557985,15297.693507522392,4,1,MC_singlenuc40_2_Tk3_030920__0001_vid__442
2.0167114701458537,0.036143265893326254,0.21407198858847304,8574.876335933848,4,0,MC_singlenuc40_2_Tk3_030920__0001_vid__449
1.3804304665041842,0.11288497992719838,0.16806000761137796,3070.0387085418915,6,0,MC_singlenuc40_2_Tk3_030920__0001_vid__540
2.391506249529805,0.02776040490836121,0.24233939659585488,8549.554246499367,4,1,MC_singlenuc40_2_Tk3_030920__0001_vid__582
2.831863347181394,0.2881616813655176,0.21830428718488684,4145.804177047989,3,0,MC_singlenuc40_2_Tk3_030920__0001_vid__655
2.64267920017179,0.03867594919461963,0.23145342873401656,19488.68135096568,8,1,MC_singlenuc40_2_Tk3_030920__0001_vid__718
1.641700399346134,0.226440241771608,0.18808929077821046,3999.940447330222,6,0,MC_singlenuc40_2_Tk3_030920__0001_vid__749
2.021459954248254,0.09816297920085039,0.20755375384200586,3344.09810261779,6,0,MC_singlenuc40_2_Tk3_030920__0001_vid__794
1.6269291359782967,0.05433559645852916,0.17873716388989058,4795.4322877169825,6,0,MC_singlenuc40_2_Tk3_030920__0001_vid__877
2.4487010289137974,0.1098631119570409,0.18326180527377015,8296.242201114928,6,0,MC_singlenuc40_2_Tk3_030920__0001_vid__8772
1.8376623665758274,0.14101088270729084,0.1747753103688602,6706.629700198071,6,0,MC_singlenuc40_2_Tk3_030920__0001_vid__8786
1.105270637252521,0.11428358515904487,0.16333276212678458,3027.796233157426,6,1,MC_singlenuc40_2_Tk3_030920__0001_vid__922
2.437093888673207,0.13154074657147855,0.23107529247078062,6848.578016856074,6,0,MC_singlenuc40_2_Tk3_030920__0002_vid__6823
1.7200312747749775,0.3512032055826245,0.221792770755182,4156.39353718868,3,0,MC_singlenuc40_2_Tk3_030920__0002_vid__6932
2.056673734270791,0.06624140709140795,0.18977791920730433,7094.79441143793,6,1,MC_singlenuc40_2_Tk3_030920__0002_vid__7077
2.8943509636792597,0.11815044761821578,0.22448849229937845,9063.942365807197,4,0,MC_singlenuc41_2_Tk9_030920__0001_vid__1070
3.049605203834095,0.09540992799815401,0.24993387704854558,7043.874332472415,6,1,MC_singlenuc41_2_Tk9_030920__0001_vid__1444
2.6681062594506977,0.09998277642982552,0.20952647714638878,5521.068775316813,6,0,MC_singlenuc41_2_Tk9_030920__0001_vid__1521
2.1215154672959544,0.13011420525991985,0.21167946810648103,5068.588607709487,6,1,MC_singlenuc41_2_Tk9_030920__0001_vid__1532
2.8045877712612888,0.12520995640914845,0.22381730289216034,6656.583110960147,6,1,MC_singlenuc41_2_Tk9_030920__0001_vid__1713
3.344883501769188,0.005357025574557724,0.22757813167622085,8690.018130493387,6,0,MC_singlenuc41_2_Tk9_030920__0001_vid__1731
3.3362919303172363,0.09230232780663739,0.23597449261326053,5819.661979543353,6,0,MC_singlenuc41_2_Tk9_030920__0001_vid__1852
2.5141104199595166,0.23614821375147113,0.2140178751305782,4567.200861108151,6,0,MC_singlenuc41_2_Tk9_030920__0001_vid__1864
3.6970050134509855,0.019127488636130358,0.24136418716850372,7384.469850514538,6,0,MC_singlenuc41_2_Tk9_030920__0001_vid__1935
2.0286683889458557,0.13912990478255097,0.19760096551212303,5932.053600632112,6,1,MC_singlenuc41_2_Tk9_030920__0001_vid__1976
2.0753215191134036,0.11966227940208587,0.18156856636888413,5123.119500950733,6,0,MC_singlenuc41_2_Tk9_030920__0001_vid__2020
3.3097759770246085,0.08667282923311018,0.23830304603148234,6508.2498780442875,6,0,MC_singlenuc41_2_Tk9_030920__0001_vid__2243
2.4003981024761805,0.04378901582887433,0.2068365865820762,5766.49658183949,6,0,MC_singlenuc41_2_Tk9_030920__0001_vid__2248
2.4714344525270047,0.10888216530261016,0.18405201845077115,7651.145336626363,6,0,MC_singlenuc41_2_Tk9_030920__0001_vid__2358
2.3229458364707405,0.04379577326087417,0.18198302468747246,19012.995866722824,8,0,MC_singlenuc41_2_Tk9_030920__0001_vid__2364
2.1894750333556106,0.14301601221447713,0.17518544162482427,3995.7438229771205,6,0,MC_singlenuc41_2_Tk9_030920__0001_vid__2492
2.439306084816908,0.1296793760176118,0.1962635223232553,5690.422911264173,6,0,MC_singlenuc41_2_Tk9_030920__0001_vid__2586
2.3399580318711983,0.035319514722573844,0.18239349440987052,10583.006713166804,4,0,MC_singlenuc41_2_Tk9_030920__0001_vid__2615
1.9738651160936516,0.08972717935654836,0.17321122520172436,9521.836909615227,4,0,MC_singlenuc41_2_Tk9_030920__0001_vid__3903
1.8995588665032317,0.15248945280208884,0.17006988862398467,4471.239566987548,6,1,MC_singlenuc41_2_Tk9_030920__0001_vid__3934
1.6702495881044355,0.18248332852893306,0.15117160292989462,5081.713538775053,6,0,MC_singlenuc41_2_Tk9_030920__0001_vid__4852
2.232608175225203,0.09219002817304649,0.2018657699205018,4569.941485678154,6,1,MC_singlenuc41_2_Tk9_030920__0001_vid__4906
3.363574934606847,0.014989069918683977,0.24531442445981974,5914.932711849979,6,1,MC_singlenuc41_2_Tk9_030920__0001_vid__5076
2.382591840533374,0.1439715915593834,0.18023663654131195,5241.441661837016,6,0,MC_singlenuc41_2_Tk9_030920__0001_vid__5077
7.346160475783443,0.04679929816443097,0.5588110269975701,3217.5960467881278,3,1,MC_singlenuc43_11_Tk41_060220__0001_vid__1513
4.929500357117489,0.2515752402574143,0.30449070954656293,1648.117588302438,1,0,MC_singlenuc43_11_Tk41_060220__0001_vid__1514
5.221559160156026,0.1302313172870562,0.3564514449707769,5120.691959616891,3,1,MC_singlenuc43_11_Tk41_060220__0001_vid__152
2.7299889061427844,0.2858979006530039,0.31619824860063445,1255.6776387213195,3,0,MC_singlenuc43_11_Tk41_060220__0001_vid__156
3.8790207780648505,0.21038011773977072,0.2426167049920595,1742.4288183539068,1,0,MC_singlenuc43_11_Tk41_060220__0001_vid__2002
6.867771632970346,0.2932587496670778,0.5212809936000776,2740.137287098655,3,1,MC_singlenuc43_11_Tk41_060220__0001_vid__2003
3.7865185295172474,0.11741953303500594,0.2751821894066205,6228.338477640221,6,0,MC_singlenuc43_11_Tk41_060220__0001_vid__2480
5.062630695984634,0.4308794871532825,0.4571535688736589,2446.890420144047,1,1,MC_singlenuc43_11_Tk41_060220__0001_vid__2482
6.746455855555894,0.20420274548809164,0.48216214309037686,5489.1118776174535,3,1,MC_singlenuc43_11_Tk41_060220__0001_vid__2488
3.823672103830693,0.37543535064192796,0.23323139555652125,2957.8805274039623,1,0,MC_singlenuc43_11_Tk41_060220__0001_vid__2510
6.022885546397519,0.10525217611451132,0.4199577962756765,5822.606232639226,3,1,MC_singlenuc43_11_Tk41_060220__0001_vid__2511
1.416686662641285,0.3740640724058601,0.2515202925143852,845.6856226414908,3,0,MC_singlenuc43_11_Tk41_060220__0001_vid__269
2.8690912717854644,0.1762683993054855,0.2878328701026306,2227.9417764750606,3,0,MC_singlenuc43_11_Tk41_060220__0001_vid__276
2.3475390315765026,0.529991474841128,0.2180755984293354,2433.438160182462,1,0,MC_singlenuc43_11_Tk41_060220__0001_vid__279
6.959587849241848,0.12912721435993813,0.7858363430942318,4037.814705276076,3,1,MC_singlenuc43_11_Tk41_060220__0001_vid__2811
1.8253757961790944,0.3078354999809075,0.24404693491898596,2346.1531930563165,3,1,MC_singlenuc43_11_Tk41_060220__0001_vid__283
0.7246102684689305,0.5328498371943595,0.13858034114458853,1085.0030962427422,1,1,MC_singlenuc43_11_Tk41_060220__0001_vid__295
3.6523308756891755,0.15163623354644556,0.332780488505427,2413.881801999705,3,0,MC_singlenuc43_11_Tk41_060220__0001_vid__296
4.795006214662813,0.3239738674596989,0.38798757939373085,1679.0231265739644,1,0,MC_singlenuc43_11_Tk41_060220__0001_vid__297
5.515975682033473,0.06053798213832282,0.4682955041577343,7744.10023908339,0,1,MC_singlenuc43_11_Tk41_060220__0001_vid__432
0.47144060628031603,1.129722882464333,0.10093647163490904,336.6360817666452,1,0,MC_singlenuc43_11_Tk41_060220__0001_vid__434
2.951531951386192,0.9089696980233266,0.33768382508704764,1781.4179484847136,1,0,MC_singlenuc43_11_Tk41_060220__0001_vid__438
3.8825999252600156,0.05838154400377154,0.5129598571789028,3240.029635698618,3,1,MC_singlenuc43_11_Tk41_060220__0001_vid__914
3.451886577402576,0.029779438180395856,0.5108652023353221,2696.3879211044455,3,1,MC_singlenuc43_11_Tk41_060220__0001_vid__927
3.8277747468875174,0.13634203886180293,0.2941418625652974,3133.9486891606502,6,0,MC_singlenuc45_7_Tk47_050720__0001_vid__6
2.254253463801019,0.3875500733670021,0.1948772304683851,958.3459095617018,1,0,MC_singlenuc45_7_Tk47_050720__0002_vid__1020
5.724559763368507,0.04458689968506662,0.45660543650854774,6739.601672217431,0,1,MC_singlenuc45_7_Tk47_050720__0002_vid__1544
3.250650579046742,0.332557901478662,0.22695672779137527,1666.5512513236158,1,0,MC_singlenuc45_7_Tk47_050720__0002_vid__1558
6.282836437379867,0.15101276829610766,0.5891057188064641,5102.247183627361,3,1,MC_singlenuc45_7_Tk47_050720__0002_vid__1785
4.334971740596801,0.46286274318123016,0.31669962535628393,2505.0564176070848,1,0,MC_singlenuc45_7_Tk47_050720__0002_vid__1867
3.616582298706365,0.49320447849107096,0.3355007732515168,1232.418875890899,1,0,MC_singlenuc45_7_Tk47_050720__0002_vid__2524
6.680011598356678,0.24337826965282738,0.4905009499624114,3520.9315214589315,3,1,MC_singlenuc45_7_Tk47_050720__0002_vid__2534
3.331374970022706,0.505262252152177,0.23495787824637543,1837.9969539091558,1,0,MC_singlenuc45_7_Tk47_050720__0002_vid__2581
3.656902927909785,0.7477363512342091,0.22332337435235144,1204.035349358803,1,0,MC_singlenuc45_7_Tk47_050720__0002_vid__2593
5.072652235445975,0.029748521640967734,0.4101076869891147,4246.8374311475145,3,1,MC_singlenuc45_7_Tk47_050720__0002_vid__3133
4.75296432402038,0.15686926838812343,0.42416186305711995,2625.299678010676,3,1,MC_singlenuc45_7_Tk47_050720__0002_vid__3492
2.9670979752831146,0.25423026783626246,0.270985001775051,4185.73138291262,3,1,MC_singlenuc45_7_Tk47_050720__0002_vid__3866
2.3584889540288887,0.11249260233007208,0.18560744782959518,3424.388132137301,6,0,MC_singlenuc45_7_Tk47_050720__0002_vid__3868
3.9165206818117824,0.2935428723420408,0.31648358281623346,2737.95365205097,1,1,MC_singlenuc45_7_Tk47_050720__0002_vid__3880
5.4963365750506785,0.07798790814084841,0.37629683854567675,4465.295300666365,3,1,MC_singlenuc45_7_Tk47_050720__0002_vid__4045
4.6715499720072815,0.35062333664498746,0.32477745946054565,3232.8088786471208,1,0,MC_singlenuc45_7_Tk47_050720__0002_vid__4684
5.044190588163816,0.08507449870447381,0.41607825408279475,10439.077515369561,7,1,MC_singlenuc45_7_Tk47_050720__0002_vid__476
6.490349716548574,0.3218408367450778,0.4376954964183457,2331.8799378741232,1,0,MC_singlenuc45_7_Tk47_050720__0002_vid__483
5.345591765197382,0.3559330089787597,0.33429373042726046,1912.9142135758561,1,0,MC_singlenuc45_7_Tk47_050720__0002_vid__4836
3.4659917789240926,0.41418440951139446,0.2374197498620686,2238.8905242797937,1,0,MC_singlenuc45_7_Tk47_050720__0002_vid__4838
3.124148841929148,0.5322135890681127,0.2160817652657274,1480.0698466869455,1,0,MC_singlenuc45_7_Tk47_050720__0002_vid__4859
7.696224182144138,0.2864398698422526,0.49375931451134647,3191.2977471406157,1,0,MC_singlenuc45_7_Tk47_050720__0002_vid__4883
7.230304008496025,0.10237729152436496,0.4955218321456478,3886.5783618301216,3,0,MC_singlenuc45_7_Tk47_050720__0002_vid__4889
2.807596610206644,0.06288621978319729,0.1940309261468678,2538.0801377155904,6,0,MC_singlenuc45_7_Tk47_050720__0002_vid__4895
2.5213090951683528,0.11044631151506698,0.22707665035598631,6095.557746121698,6,1,MC_singlenuc55_2_Tk47_051220__0001_vid__1067
1.7844975993310013,0.027402780670269734,0.21501036699451692,6584.647993929635,0,0,MC_singlenuc55_2_Tk47_051220__0001_vid__1093
1.6337418522989293,0.15480659094466312,0.1809323661487356,6335.411315179765,6,0,MC_singlenuc55_2_Tk47_051220__0001_vid__1800
1.5437049361626745,0.0347724331908624,0.18548209433186055,9454.337113935482,4,1,MC_singlenuc55_2_Tk47_051220__0001_vid__1808
1.475905296827954,0.16857039479153807,0.17830300148279657,7642.857321116088,6,0,MC_singlenuc55_2_Tk47_051220__0001_vid__1824
2.1844456067912947,0.09235070902563106,0.1974890616254065,5852.1911846805115,6,0,MC_singlenuc55_2_Tk47_051220__0001_vid__2558
2.101094308264242,0.0735576702172841,0.23015452518708257,6403.468277501426,6,1,MC_singlenuc55_2_Tk47_051220__0001_vid__2620
2.097111964046652,0.12624322506065547,0.16845294397745855,8035.1130929356195,6,0,MC_singlenuc55_2_Tk47_051220__0001_vid__3036
2.2221343199664214,0.017994318230415248,0.17914654607388864,14591.053365836886,4,0,MC_singlenuc55_2_Tk47_051220__0001_vid__3058
3.0691498456084982,0.12393448233357764,0.2550401589032184,7215.647864553839,6,1,MC_singlenuc55_2_Tk47_051220__0001_vid__3394
2.6941162126061853,0.08295360013009656,0.24973903285762816,6517.9739439124205,6,0,MC_singlenuc55_2_Tk47_051220__0001_vid__3404
2.5948554990267976,0.0561360279659956,0.2106058095576216,8743.592003285888,4,0,MC_singlenuc55_2_Tk47_051220__0001_vid__3421
1.827108270591796,0.12833894019202777,0.18056529461324766,6040.585227882125,6,0,MC_singlenuc55_2_Tk47_051220__0001_vid__3460
1.5013556653952171,0.14720097669730908,0.177821518779245,5008.865012470191,6,0,MC_singlenuc55_2_Tk47_051220__0001_vid__3471
2.4439225804172318,0.06605114634666504,0.25085109859223853,9900.715781009227,4,1,MC_singlenuc55_2_Tk47_051220__0001_vid__3481
2.575645834945025,0.07350968467781394,0.21812583212147718,11903.881667424277,4,0,MC_singlenuc55_2_Tk47_051220__0001_vid__3520
2.6792543165177607,0.07495406742716411,0.23970571952964592,9778.720140011643,4,1,MC_singlenuc55_2_Tk47_051220__0001_vid__3531
2.0021375491925344,0.10610057435647156,0.19596292524791467,10079.388321094444,4,0,MC_singlenuc55_2_Tk47_051220__0001_vid__3579
2.119333644085651,0.02697421793616091,0.1876392625902319,9939.831220635368,4,0,MC_singlenuc55_2_Tk47_051220__0001_vid__3583
2.801863728664463,0.12794396818264486,0.22817667125603025,9320.028806385264,4,0,MC_singlenuc55_2_Tk47_051220__0001_vid__3643
3.054507885316812,0.0947845500936924,0.2308468686899729,7679.696453927641,6,0,MC_singlenuc55_2_Tk47_051220__0001_vid__3654
1.8268805170835094,0.06213074796532539,0.1776792835516242,12145.496943002894,4,0,MC_singlenuc55_2_Tk47_051220__0001_vid__4336
1.7314487074695029,0.050191093615310545,0.17421313787138992,12420.191722282227,4,0,MC_singlenuc55_2_Tk47_051220__0001_vid__4345
3.2269511879707244,0.07313047710789677,0.26881105033745706,8422.966161341767,4,0,MC_singlenuc55_2_Tk47_051220__0002_vid__1031
3.2256401249970486,0.10897644838312882,0.27434557526420045,7899.821763802593,6,0,MC_singlenuc55_2_Tk47_051220__0002_vid__981
2.574854029756137,0.020457192767265927,0.22433147541989332,4381.099542888176,6,1,MC_singlenuc56_2_Tk65_051220__0001_vid__1110
2.8013844069087597,0.023359830833306276,0.2197076058094496,10566.719540994618,4,1,MC_singlenuc56_2_Tk65_051220__0001_vid__1148
2.4971977173403888,0.26832931320129805,0.1661788707764614,4849.7995890276925,3,0,MC_singlenuc56_2_Tk65_051220__0001_vid__1340
3.485339692913836,0.10115969539037248,0.22906788758113864,4904.970962411189,6,0,MC_singlenuc56_2_Tk65_051220__0001_vid__1364
2.9999146103515577,0.055612239123277486,0.24385744456623998,8846.606879623743,4,1,MC_singlenuc56_2_Tk65_051220__0001_vid__1752
2.910710979908627,0.016130473917581684,0.1994879734397983,13616.9088316441,4,0,MC_singlenuc56_2_Tk65_051220__0001_vid__1772
2.4915877121839105,0.0667551169272928,0.19692496575118523,3623.8537986643687,6,1,MC_singlenuc56_2_Tk65_051220__0001_vid__1793
2.36765800328267,0.13599276111708078,0.15663685437350716,6862.566358674252,6,0,MC_singlenuc56_2_Tk65_051220__0001_vid__1938
2.6513214385568697,0.29585400112155924,0.19134537919653694,3827.3296592127026,3,0,MC_singlenuc56_2_Tk65_051220__0001_vid__2184
2.65181356496626,0.07845510664158735,0.2087816005483017,4317.9979686109555,6,0,MC_singlenuc56_2_Tk65_051220__0001_vid__400
2.948884071513923,0.13374252890812577,0.22082067987960846,6871.066047845154,6,1,MC_singlenuc56_2_Tk65_051220__0001_vid__419
3.1575621634763356,0.05746895624358618,0.21912413951971796,6481.013453523865,6,0,MC_singlenuc56_2_Tk65_051220__0001_vid__801
1.8567512766315875,0.012667454218115073,0.15405681581176112,4292.840164454554,6,0,MC_singlenuc56_2_Tk65_051220__0001_vid__976
3.00326403496878,0.31852480322012583,0.19261930445894915,4349.91324741465,3,0,MC_singlenuc56_2_Tk65_051220__0002_vid__1868
3.1611392919468893,0.13154506523401402,0.3027200576458588,6726.72125409908,6,1,MC_singlenuc56_2_Tk65_051220__0002_vid__196
2.6111656746458145,0.06428005858876969,0.17680147634140628,5193.500633205313,6,0,MC_singlenuc56_2_Tk65_051220__0002_vid__2257
2.1628466122102084,0.029198678902031976,0.16388596901822705,7984.891485163187,6,0,MC_singlenuc56_2_Tk65_051220__0002_vid__2316
3.7010040841679337,0.12079896782988155,0.2523051994356215,5127.778309125251,6,0,MC_singlenuc56_2_Tk65_051220__0002_vid__2326
2.251545443497113,0.029768229138526378,0.19883941759288892,8236.350499502205,4,0,MC_singlenuc56_2_Tk65_051220__0002_vid__2493
2.59226507232415,0.10381009884317519,0.18194082031004058,4687.448829202172,6,0,MC_singlenuc56_2_Tk65_051220__0002_vid__2520
2.1905385835708207,0.19492869375349814,0.20855317017172853,3765.6878811085103,6,0,MC_singlenuc56_2_Tk65_051220__0002_vid__2804
4.033602482286086,0.050135497525726005,0.28793405759850377,8791.060242202831,7,1,MC_singlenuc56_2_Tk65_051220__0002_vid__2810
3.708638414065134,0.010736188469122264,0.31177759121642085,6548.083187396154,0,0,MC_singlenuc56_2_Tk65_051220__0002_vid__685
1.8844895492385745,0.14690625807852062,0.1595997745213662,3029.4083121071017,6,0,MC_singlenuc56_2_Tk65_051220__0003_vid__2486
2.592307334473377,0.23255969833877677,0.21827948769758107,5159.751256787411,6,0,MC_singlenuc56_2_Tk65_051220__0003_vid__416
2.5231880389003205,0.056559168417100535,0.21063993860758515,12090.64728463164,4,1,MC_singlenuc59_4_Tk61_060220__0001_vid__2653
1.4103629735337162,0.09272907246481074,0.139318446328298,5349.1840240539,6,0,MC_singlenuc59_4_Tk61_060220__0001_vid__2692
2.0769041595041764,0.01330185940788266,0.16878212214235902,10206.881275072115,4,0,MC_singlenuc59_4_Tk61_060220__0001_vid__2924
1.9787950393492568,0.051713864851954575,0.18103088187897043,9495.571313177947,4,0,MC_singlenuc59_4_Tk61_060220__0001_vid__3020
2.6902415746107184,0.017575779662963205,0.19941167244195587,6184.211483214685,6,0,MC_singlenuc59_4_Tk61_060220__0001_vid__3278
1.907228422225774,0.0164391158902614,0.16638839025877022,6317.094912904661,6,1,MC_singlenuc59_4_Tk61_060220__0001_vid__3303
2.4130138761624047,0.03678706248753199,0.17697631015387066,9061.837753190423,4,0,MC_singlenuc59_4_Tk61_060220__0001_vid__3318
3.337049930686078,0.10358133802281785,0.267201322380358,7595.468574939828,6,0,MC_singlenuc59_4_Tk61_060220__0001_vid__3510
1.7582966654897967,0.044815991748755925,0.17307912134959744,7651.335851542211,6,1,MC_singlenuc59_4_Tk61_060220__0001_vid__3515
2.144991614562918,0.049370006276127906,0.157390378958944,5463.472936271874,6,0,MC_singlenuc59_4_Tk61_060220__0001_vid__3594
1.3159122477814877,0.16813478806032833,0.13236937144142036,3367.020228312219,6,1,MC_singlenuc59_4_Tk61_060220__0001_vid__3607
1.8902577006013903,0.11096477459770318,0.1529643187330478,10888.393980334993,4,0,MC_singlenuc59_4_Tk61_060220__0001_vid__3888
1.7832433500639433,0.13845761462588704,0.16727443443184778,12211.136336084171,4,1,MC_singlenuc59_4_Tk61_060220__0001_vid__3952
2.1117544535692514,0.11848988059112207,0.1535468864947689,5237.843489532654,6,0,MC_singlenuc59_4_Tk61_060220__0001_vid__4103
1.8046924154335904,0.06309114147551162,0.1404799012927277,7284.992309526477,6,0,MC_singlenuc59_4_Tk61_060220__0001_vid__4432
1.1507770295567497,0.022502927318435503,0.12960346451744534,11690.90365749729,4,1,MC_singlenuc59_4_Tk61_060220__0001_vid__4478
1.585727761435428,0.07493104412409016,0.14561173701180655,6943.31262115336,6,0,MC_singlenuc59_4_Tk61_060220__0001_vid__4557
1.088584994643996,0.015834826292738205,0.12032253102182981,14129.662228211511,2,1,MC_singlenuc59_4_Tk61_060220__0001_vid__4920
1.4908201391117935,0.11965121017362071,0.14291134143648396,4342.993764512439,6,1,MC_singlenuc59_4_Tk61_060220__0001_vid__5044
1.5887684336994228,0.08691905061099266,0.13196991309898873,6757.049257457124,6,0,MC_singlenuc59_4_Tk61_060220__0001_vid__5071
1.2131340638721122,0.025702816293264055,0.12509771096212086,4672.225854007649,6,1,MC_singlenuc59_4_Tk61_060220__0001_vid__5081
1.5023385964377818,0.012943922717673504,0.13220325899287022,6407.145778769749,0,1,MC_singlenuc59_4_Tk61_060220__0001_vid__5138
2.54943181597202,0.20870583967915823,0.1868691980915347,5853.902860856725,6,1,MC_singlenuc59_4_Tk61_060220__0001_vid__5808
3.491410425123941,0.04168186685924725,0.22668507828080664,7527.365502408713,6,0,MC_singlenuc59_4_Tk61_060220__0001_vid__5827
1.3572685349912423,0.20414083426642152,0.1301700379232551,4665.668347400342,6,1,MC_singlenuc59_4_Tk61_060220__0001_vid__6081
4.587095751918514,0.004801158667373977,0.33461769357879056,4380.774444385949,3,1,MC_singlenuc62_3_Tk65_060220__0001_vid__134
6.564637469491437,0.005735039891319447,0.3632145726713099,2617.5280027388503,1,0,MC_singlenuc62_3_Tk65_060220__0001_vid__136
11.005271403355982,0.7176695569341924,0.7582341894564347,1715.7768356496945,1,0,MC_singlenuc62_3_Tk65_060220__0001_vid__137
2.1779314513746986,0.7595524764392538,0.20636927072589184,1036.4192709034135,1,0,MC_singlenuc62_3_Tk65_060220__0001_vid__139
5.3664899042395415,0.5927272915246956,0.3954132789150227,1364.3195539952399,1,0,MC_singlenuc62_3_Tk65_060220__0001_vid__14
2.7810594729720473,0.1961331482548871,0.2356895555076583,3164.2226415982386,6,0,MC_singlenuc62_3_Tk65_060220__0001_vid__156
4.052496459588055,0.30632355682464485,0.2429600326985806,1202.672857883337,1,0,MC_singlenuc62_3_Tk65_060220__0001_vid__164
5.1637130008661,0.43579527517287303,0.3820368431864782,2086.0295442358874,1,0,MC_singlenuc62_3_Tk65_060220__0001_vid__173
3.9090593452673357,0.8371804408982492,0.376310497625786,1249.9666400964156,1,0,MC_singlenuc62_3_Tk65_060220__0001_vid__176
10.986950935988824,0.010228486292178842,0.9458641154596684,1294.4067614882613,3,1,MC_singlenuc62_3_Tk65_060220__0001_vid__188
4.281616780175625,0.27878421048665064,0.4148763177860903,1958.1148462103952,3,1,MC_singlenuc62_3_Tk65_060220__0001_vid__220
4.473680397630239,0.21226910214313366,0.36917934386803464,5676.76107255149,3,0,MC_singlenuc62_3_Tk65_060220__0001_vid__228
7.992334394868644,0.40857394964795285,0.5308766613296375,1790.1279135385976,1,1,MC_singlenuc62_3_Tk65_060220__0001_vid__229
7.814740544795518,0.19885149888213197,0.4746233628434932,1591.49005689275,1,1,MC_singlenuc62_3_Tk65_060220__0001_vid__331
5.054094799758913,0.2509614224465524,0.32903012619455513,4122.26349850113,3,0,MC_singlenuc62_3_Tk65_060220__0001_vid__388
5.889025276290567,0.20798366524920647,0.41389930665258823,3073.699191157908,1,1,MC_singlenuc62_3_Tk65_060220__0001_vid__396
7.450372309841249,0.0883827572625216,0.5601956994260574,3068.097446390625,3,1,MC_singlenuc62_3_Tk65_060220__0001_vid__476
8.407372739524142,0.08595964399506761,0.5431139898635143,2029.5304824631148,1,1,MC_singlenuc62_3_Tk65_060220__0001_vid__483
5.740970409642455,0.22584864738730964,0.36609701565889674,4676.858830853589,3,1,MC_singlenuc62_3_Tk65_060220__0001_vid__491
3.8969856244037335,0.6175173901930534,0.2770006261494769,1367.2385945422911,1,1,MC_singlenuc62_3_Tk65_060220__0001_vid__497
4.662607140402906,0.23054445618348865,0.3031576639161949,5438.106447759439,3,1,MC_singlenuc62_3_Tk65_060220__0001_vid__533
9.539882903745777,0.2779873831852826,0.5240192220917084,1529.2680949406385,1,1,MC_singlenuc62_3_Tk65_060220__0001_vid__56
9.477584693040273,0.29887284493668315,0.7170465690792736,3157.1772549068824,3,1,MC_singlenuc62_3_Tk65_060220__0001_vid__561
4.25477309828431,0.03557467394041266,0.35876706627867877,2500.0994944144213,1,0,MC_singlenuc62_3_Tk65_060220__0001_vid__83
2.9332262663326976,0.07037928836392461,0.19081377453102955,5328.893324783316,6,0,MC_singlenuc63_1_Tk9_060220__0001_vid__16180
1.470463185760667,0.0874274591197831,0.15292011482583284,9421.5110642387,4,0,MC_singlenuc63_1_Tk9_060220__0001_vid__16987
2.7343272477750893,0.09257696641431776,0.22368246522476892,8972.921022166047,4,0,MC_singlenuc63_1_Tk9_060220__0001_vid__17273
1.3804477394052848,0.11029126555810884,0.14395555146741745,9820.85059411783,4,0,MC_singlenuc63_1_Tk9_060220__0001_vid__17306
1.8068563048583897,0.24661250867845888,0.1689138419428986,4071.732950171201,3,0,MC_singlenuc63_1_Tk9_060220__0001_vid__17380
1.5572562160148766,0.30416785168399757,0.1578504680360383,4289.257358459166,3,0,MC_singlenuc63_1_Tk9_060220__0001_vid__17390
1.7161471074904917,0.08138886089436528,0.1834298069871309,3756.6759611284933,6,0,MC_singlenuc63_1_Tk9_060220__0001_vid__17411
2.1062795360190982,0.045052554497807124,0.18706710749677583,5796.592138344878,6,1,MC_singlenuc63_1_Tk9_060220__0002_vid__21537
2.435527116017369,0.09766464737962767,0.22353126260482648,4584.743632056939,6,0,MC_singlenuc63_1_Tk9_060220__0003_vid__1990
4.465704392468937,0.014870185729068309,0.47436696165116055,12201.38444174873,2,1,MC_singlenuc63_1_Tk9_060220__0003_vid__3422
2.4817121921284895,0.012182237224544257,0.2950452993582685,6508.410226614126,0,0,MC_singlenuc63_1_Tk9_060220__0003_vid__3430
1.314901124603979,0.13367599953020778,0.13085880503797084,4216.897812888902,6,0,MC_singlenuc63_1_Tk9_060220__0003_vid__6672
3.511585870579092,0.02386569665731581,0.33034339657178424,13576.73672684727,2,1,MC_singlenuc63_1_Tk9_060220__0003_vid__6712
1.111626265076609,0.05197286923056478,0.18511518132651616,4408.6424693619465,6,0,MC_singlenuc63_1_Tk9_060220__0004_vid__1310
0.29174370569669184,0.25423524552764587,0.067722524419755,3051.7551409023354,3,0,MC_singlenuc63_1_Tk9_060220__0004_vid__3369
1.6127920075112074,0.01665249856634425,0.22004509667919195,15355.149053328303,2,0,MC_singlenuc63_1_Tk9_060220__0004_vid__860
1.690321225277674,0.14516621158304543,0.2110414625517771,3552.908342454446,6,0,MC_singlenuc63_1_Tk9_060220__0005_vid__2114
4.012153731297545,0.06877421147837715,0.3284345588269611,8567.485051302527,7,1,MC_singlenuc63_1_Tk9_060220__0007_vid__186
0.7395621397824644,0.5961626809555923,0.10088786445853429,2787.0454459526536,1,0,MC_singlenuc63_1_Tk9_060220__0009_vid__7482
1.8733298146045134,0.4224895348101138,0.1695524292408284,3790.351941589713,3,0,MC_singlenuc63_1_Tk9_060220__0010_vid__13298
1.1887587138470574,0.15227564757098067,0.160598251076864,5945.50957103968,6,1,MC_singlenuc63_1_Tk9_060220__0010_vid__16185
1.4563693244927958,0.10665764104217977,0.21230940660646933,3006.63750640261,6,0,MC_singlenuc64_1_Tk51_060220__0001_vid__1434
1.9466062167883564,0.07206588960071066,0.2031654799711271,4197.412951504321,6,0,MC_singlenuc64_1_Tk51_060220__0001_vid__1483
2.103160905692632,0.12624208450241228,0.202532281084155,4270.803005783997,6,0,MC_singlenuc64_1_Tk51_060220__0001_vid__1519
1.4659215978206546,0.13151539003321686,0.20399060195944302,3082.3609318729177,6,0,MC_singlenuc64_1_Tk51_060220__0001_vid__1560
1.7788975770529754,0.0911829001428996,0.18500656498078144,4920.6746358168075,6,0,MC_singlenuc64_1_Tk51_060220__0001_vid__1685
1.9269271520925728,0.09205326690619792,0.2002243909438518,3651.796433790867,6,0,MC_singlenuc64_1_Tk51_060220__0001_vid__1738
1.2734082150116042,0.36337019734599385,0.13927176914332898,3158.2283298386164,1,0,MC_singlenuc64_1_Tk51_060220__0001_vid__2472
4.217439752204045,0.0340892052206126,0.32915808840728805,6945.23751413842,0,1,MC_singlenuc64_1_Tk51_060220__0001_vid__4821
2.4684182393338445,0.19913822944256368,0.21232526864529683,4922.995862418121,6,0,MC_singlenuc64_1_Tk51_060220__0001_vid__5681
4.491516813651874,0.07704515936884397,0.3502491981001551,12910.065182996896,2,1,MC_singlenuc64_1_Tk51_060220__0001_vid__5711
2.0351076340372436,0.04828491204403863,0.17358170548442675,4796.704482761315,6,0,MC_singlenuc64_1_Tk51_060220__0001_vid__5759
2.7320018529805634,0.055183741482753894,0.21180826699841288,4321.348088503424,6,0,MC_singlenuc64_1_Tk51_060220__0001_vid__6022
3.7751961267082534,0.02511146625312419,0.2732981108602244,6974.003871611897,6,1,MC_singlenuc64_1_Tk51_060220__0001_vid__6036
3.317665311177105,0.056531385612034614,0.31251084852628536,7789.64120296996,0,1,MC_singlenuc64_1_Tk51_060220__0001_vid__6739
4.41399191502708,0.005183022424366476,0.36107943240366225,14644.338806004585,8,1,MC_singlenuc64_1_Tk51_060220__0001_vid__7102
2.5033918771946655,0.08375472556448672,0.22938809567145685,4388.753826224954,6,0,MC_singlenuc64_1_Tk51_060220__0001_vid__8328
4.073113712640263,0.1940760201376101,0.2723316429000148,7053.594249337806,6,1,MC_singlenuc64_1_Tk51_060220__0001_vid__8363
4.093536678892026,0.023868620796023223,0.32566775456381414,8546.404675693762,7,1,MC_singlenuc64_1_Tk51_060220__0001_vid__855
1.7644191803974643,0.4693928459796002,0.1651050795077548,3071.3531086313933,1,0,MC_singlenuc64_1_Tk51_060220__0001_vid__863
0.7669886455218535,0.2692840911869336,0.1609357521665739,3199.850092220127,3,0,MC_singlenuc64_1_Tk51_060220__0002_vid__1062
0.994421804629048,0.05175899657331278,0.16563033892980109,3221.862717648321,6,0,MC_singlenuc64_1_Tk51_060220__0002_vid__1105
2.9818829273437606,0.16834292197228268,0.22809502640949933,6447.488282148808,6,0,MC_singlenuc64_1_Tk51_060220__0002_vid__1553
3.252110135149589,0.06301169565828774,0.22014412602512476,4530.032671442897,6,0,MC_singlenuc64_1_Tk51_060220__0002_vid__1591
4.150165162922091,0.05616919075009698,0.33733295021704646,10019.62402567931,7,1,MC_singlenuc64_1_Tk51_060220__0002_vid__31
2.255527849889733,0.17903282666260442,0.2602251568078659,3622.6008066087356,3,0,MC_singlenuc65_4_Tk9_072920__0001_vid__428
1.329403042685939,0.5703508547263868,0.18305280802412216,1943.6575597784004,1,0,MC_singlenuc65_4_Tk9_072920__0001_vid__447
5.451524783065809,0.04888907637291435,0.5033866150770118,13601.221454121862,2,1,MC_singlenuc65_4_Tk9_072920__0002_vid__1427
3.9808659292870843,0.08106552294518389,0.3355091060882798,5111.753036607822,3,1,MC_singlenuc65_4_Tk9_072920__0002_vid__178
5.535062075444626,0.15799004485406154,0.49244078945284786,6132.942203967477,3,1,MC_singlenuc65_4_Tk9_072920__0002_vid__1911
3.3645864942563604,0.0933504763813566,0.30167831326152467,4884.020521089628,6,0,MC_singlenuc65_4_Tk9_072920__0002_vid__1920
2.9899818355819887,0.4186606305091978,0.23426706308864031,2936.9234129706388,1,0,MC_singlenuc65_4_Tk9_072920__0002_vid__203
6.293319071275171,0.05919559358542326,0.5582540119335497,15009.317872315085,2,1,MC_singlenuc65_4_Tk9_072920__0002_vid__2048
5.09537124879564,0.21903396805234918,0.4985497319599469,5763.261859212724,3,1,MC_singlenuc65_4_Tk9_072920__0002_vid__2299
3.1136611078232503,0.06924364722370686,0.24127988841906606,3086.313048429375,6,0,MC_singlenuc65_4_Tk9_072920__0002_vid__239
6.164246428102129,0.03467474398632487,0.5290195618597439,8257.122890928013,7,1,MC_singlenuc65_4_Tk9_072920__0002_vid__2542
5.662123859308703,0.035071462388962256,0.5194225311850912,11741.039365922154,2,1,MC_singlenuc65_4_Tk9_072920__0002_vid__261
6.401354180491439,0.08506124388984532,0.5846609759426398,9809.312528927047,7,1,MC_singlenuc65_4_Tk9_072920__0002_vid__3457
6.990161100468917,0.07673808126119676,0.6460574195617075,7748.004689351909,0,1,MC_singlenuc65_4_Tk9_072920__0002_vid__4353
6.4041167613559775,0.016583600088293137,0.5195182920186895,9343.415763288984,7,1,MC_singlenuc65_4_Tk9_072920__0002_vid__4617
4.561695039961355,0.07138160672148618,0.3428988350792206,5129.798969066966,3,1,MC_singlenuc65_4_Tk9_072920__0002_vid__5729
6.581802933354416,0.005475211878816034,0.550099302747408,25691.995168542264,5,1,MC_singlenuc65_4_Tk9_072920__0002_vid__6327
4.626374501699746,0.023195853035823374,0.3844276660221923,6905.309714769914,0,1,MC_singlenuc65_4_Tk9_072920__0002_vid__6435
7.825643126119768,0.048304963212777816,0.619174378473837,7672.04543952986,0,1,MC_singlenuc65_4_Tk9_072920__0002_vid__6518
7.157825721235343,0.10095300951468045,0.6097278705168544,8036.815988583041,0,1,MC_singlenuc65_4_Tk9_072920__0002_vid__6528
5.809478063594538,0.04446802909081819,0.5411339020222451,21557.16815022795,8,1,MC_singlenuc65_4_Tk9_072920__0002_vid__6651
5.81314924923324,0.022915782890146986,0.551076719801854,9828.18660734623,7,1,MC_singlenuc65_4_Tk9_072920__0002_vid__6883
5.5045638115944255,0.0051225700266388785,0.5231605515305339,17223.689861405328,8,1,MC_singlenuc65_4_Tk9_072920__0002_vid__7117
2.940142681431785,0.15411018102444496,0.2585276002898618,6014.070366220567,6,0,MC_singlenuc65_4_Tk9_072920__0002_vid__787
5.467109585171996,0.16921901447618054,0.36482568099511803,3716.017856586144,1,0,MC_singlenuc65_4_Tk9_072920__0002_vid__8297
4.951531036922397,0.11304862705049382,0.28004869508697966,3537.89636896036,1,0,MC_singlenuc76_3_Tk47_072920__0001_vid__1007
4.704342982064254,0.23399284430544606,0.37726605902226357,3629.2937717542936,3,1,MC_singlenuc76_3_Tk47_072920__0001_vid__1010
4.453196616439343,0.10083600561691192,0.3897928839246754,8852.038191613385,7,1,MC_singlenuc76_3_Tk47_072920__0001_vid__1040
5.542639680379911,0.007487569259157251,0.3806269006134245,4421.837595297714,3,0,MC_singlenuc76_3_Tk47_072920__0001_vid__1166
4.092452419622388,0.06608554718518833,0.36358534941401094,8644.319536185405,7,1,MC_singlenuc76_3_Tk47_072920__0001_vid__1173
3.1850395160188687,0.2616370934558675,0.2791476761136537,3171.1766407036935,3,0,MC_singlenuc76_3_Tk47_072920__0001_vid__1255
2.2029324757727804,0.18481309000020124,0.2660528353630511,5134.074281600713,3,1,MC_singlenuc76_3_Tk47_072920__0001_vid__1290
4.531297419039938,0.12695329918668458,0.40282072471684244,3530.125592818698,3,0,MC_singlenuc76_3_Tk47_072920__0001_vid__1405
2.954657098772591,0.1557418753996641,0.33496337894730605,3924.4497831937356,3,1,MC_singlenuc76_3_Tk47_072920__0001_vid__1410
2.724946624723889,0.07699277371265607,0.19841793266505656,6595.6557439829085,6,0,MC_singlenuc76_3_Tk47_072920__0001_vid__1604
3.592739762542609,0.045045752790839326,0.369872018510964,13463.939991663152,2,1,MC_singlenuc76_3_Tk47_072920__0001_vid__1679
3.816692871721024,0.2537685916692042,0.24955723578737346,3923.422111865695,3,0,MC_singlenuc76_3_Tk47_072920__0001_vid__1701
5.377134938692435,0.10055473168603536,0.3671104020716754,5960.248245372297,3,0,MC_singlenuc76_3_Tk47_072920__0001_vid__1712
4.540809170020352,0.13799717405209402,0.28506048373337556,6421.636949726766,6,0,MC_singlenuc76_3_Tk47_072920__0001_vid__1837
3.75503177478466,0.05233139721758723,0.35952109558227413,19530.857376225624,8,1,MC_singlenuc76_3_Tk47_072920__0001_vid__1861
4.589509442690123,0.22792219909189307,0.27601906239511764,5219.392561623405,3,0,MC_singlenuc76_3_Tk47_072920__0001_vid__1885
4.705916454004562,0.20537853049292382,0.30047213200512957,3140.3734180487463,1,0,MC_singlenuc76_3_Tk47_072920__0002_vid__6799
4.518139437139968,0.336009269161342,0.2844019050253852,3046.808474887753,1,0,MC_singlenuc76_3_Tk47_072920__0002_vid__6810
4.266935933750159,0.14402943142996993,0.2852561393436984,3858.3026359983887,3,0,MC_singlenuc76_3_Tk47_072920__0002_vid__6931
4.765339242550435,0.016046521773191092,0.3993243219307542,6669.331824994804,0,1,MC_singlenuc76_3_Tk47_072920__0002_vid__6963
4.990559742886748,0.33275499259410707,0.3242924440186439,4029.4926179550225,3,0,MC_singlenuc76_3_Tk47_072920__0002_vid__6989
3.119684632865897,0.394813918297762,0.23166228370235076,3102.8344399167495,1,0,MC_singlenuc76_3_Tk47_072920__0002_vid__7478
4.735562030380869,0.333717819204546,0.364457451123453,3537.902827923709,1,1,MC_singlenuc76_3_Tk47_072920__0002_vid__8663
4.557758083112809,0.08271424254104653,0.32779209498134215,3631.232056083063,1,0,MC_singlenuc76_3_Tk47_072920__0002_vid__9080
4.446464755013933,0.17643484856233493,0.3780856701492993,4110.786718009729,3,1,MC_singlenuc76_3_Tk47_072920__0002_vid__9138
4.713596306689973,0.12338736529775148,0.3040312801651303,8591.983852893301,6,0,MC_singlenuc81_1_Tk51_072920__0001_vid__1319
4.639985375204684,0.13509832244289255,0.33459509980689034,6361.5269351863135,6,1,MC_singlenuc81_1_Tk51_072920__0001_vid__1320
3.565728294396023,0.02736612170613673,0.2884775068000658,6659.364471316827,0,0,MC_singlenuc81_1_Tk51_072920__0001_vid__1441
2.1713986527241476,0.012008587569165653,0.2124551135090765,4139.1537365298955,6,0,MC_singlenuc81_1_Tk51_072920__0001_vid__1775
3.6578293551097336,0.13208252302513887,0.29008360949395684,6819.282247138546,6,0,MC_singlenuc81_1_Tk51_072920__0001_vid__1783
2.273879654500266,0.1417495663182219,0.21582434304754536,5226.043602940239,6,0,MC_singlenuc81_1_Tk51_072920__0001_vid__1829
2.904721453844451,0.14603656157391892,0.2558039951049025,4730.039238071466,6,1,MC_singlenuc81_1_Tk51_072920__0001_vid__1843
2.8848330211981983,0.19120219169094624,0.2518015204565253,4813.699114177185,6,0,MC_singlenuc81_1_Tk51_072920__0001_vid__1916
3.2541397612244047,0.047146774654364045,0.2538270743527263,6818.679026723137,6,1,MC_singlenuc81_1_Tk51_072920__0001_vid__1956
2.0034902497693095,0.021827289760795926,0.21492945572358044,5844.210328260573,6,0,MC_singlenuc81_1_Tk51_072920__0001_vid__1967
4.037152025565612,0.041460175085405254,0.30819957150087784,6418.3658266764905,6,1,MC_singlenuc81_1_Tk51_072920__0001_vid__2226
3.038569625242472,0.05266914227607826,0.23805174808176446,5612.430602049472,6,0,MC_singlenuc81_1_Tk51_072920__0001_vid__2261
3.38983038554829,0.02237382475721454,0.2556434656999145,5297.066825532667,6,0,MC_singlenuc81_1_Tk51_072920__0001_vid__557
2.6441603245141074,0.06507572577331656,0.23089548978411042,14157.87191510769,4,0,MC_singlenuc81_1_Tk51_072920__0001_vid__680
3.9969583123245065,0.025922568504533686,0.35390114127313615,6551.90542696201,0,1,MC_singlenuc81_1_Tk51_072920__0001_vid__708
3.3735654761725455,0.07950086676732966,0.2787053632472492,11171.384324070583,4,0,MC_singlenuc81_1_Tk51_072920__0001_vid__994
5.781767842172618,0.007109697584465213,0.4233737271001962,10350.162634775732,7,1,MC_singlenuc81_1_Tk51_072920__0002_vid__10111
6.478038378158756,0.08039187838239904,0.5389381342328291,11776.94335829703,2,1,MC_singlenuc81_1_Tk51_072920__0002_vid__10242
4.893890993195602,0.04564309257302109,0.4204258111959443,9768.32679586668,7,1,MC_singlenuc81_1_Tk51_072920__0002_vid__1220
5.289990469720544,0.1035032801967817,0.42593674364297096,9566.299667140165,7,1,MC_singlenuc81_1_Tk51_072920__0002_vid__1382
4.933945889533598,0.058132637644813065,0.43395785496373307,9573.255842289664,7,1,MC_singlenuc81_1_Tk51_072920__0002_vid__1489
2.880059804072676,0.05502147586329775,0.18322769123504187,12122.734489043298,4,0,MC_singlenuc81_1_Tk51_072920__0002_vid__3
4.018477770161837,0.14748624123870566,0.24961629580463063,5574.182532918077,6,0,MC_singlenuc81_1_Tk51_072920__0002_vid__61
2.6567410209544486,0.1568756941731276,0.22064185031777778,6524.71994688153,6,0,MC_singlenuc82_b2_Tk63_073020__0001_vid__3464
2.085250782778304,0.0354743696308578,0.18422472184819735,7072.735826794392,6,0,MC_singlenuc82_b2_Tk63_073020__0001_vid__3901
4.176019092628669,0.04822698456779154,0.2977025708067217,9342.64081189405,7,1,MC_singlenuc82_b2_Tk63_073020__0001_vid__3956
2.0212353873075544,0.06194971037730723,0.18317660679711387,9071.91507156521,4,0,MC_singlenuc82_b2_Tk63_073020__0001_vid__4033
2.102646091283347,0.0875246898395414,0.16312394113329778,15435.175378298507,4,0,MC_singlenuc82_b2_Tk63_073020__0001_vid__5504
3.348983632627578,0.02567741709231389,0.22638077139570342,11058.173939549113,4,1,MC_singlenuc82_b2_Tk63_073020__0001_vid__5524
1.8281146342197279,0.03987958547997048,0.1884852279208712,5633.002648948395,6,0,MC_singlenuc82_b2_Tk63_073020__0001_vid__6068
2.676926361311913,0.033172989696220255,0.1978278696973781,7255.168412756962,6,1,MC_singlenuc82_b2_Tk63_073020__0001_vid__6163
1.6638691183997723,0.02836350545512004,0.1810951364095026,13890.579039149796,4,0,MC_singlenuc82_b2_Tk63_073020__0001_vid__6179
2.150673204062773,0.12262456124010966,0.17566272154424728,5613.918037505435,6,0,MC_singlenuc82_b2_Tk63_073020__0001_vid__6277
3.120836284559234,0.008456560745053543,0.2513051347360204,8610.986261627158,4,1,MC_singlenuc82_b2_Tk63_073020__0001_vid__6394
2.4039460153888768,0.05912406787575157,0.19809061035281678,7375.010960537097,6,0,MC_singlenuc82_b2_Tk63_073020__0001_vid__6396
2.8006972250396247,0.034740042955210056,0.22025427257501645,7796.57618203562,6,1,MC_singlenuc82_b2_Tk63_073020__0001_vid__6539
1.9002635047363237,0.011925586977162011,0.1736888523575212,30297.555804017564,5,0,MC_singlenuc82_b2_Tk63_073020__0001_vid__6657
2.4935574431990024,0.05445282291330431,0.18514437194375957,5488.78822499516,6,1,MC_singlenuc82_b2_Tk63_073020__0001_vid__6720
2.584317372963626,0.004368114845047465,0.19797784617499564,12564.042321335968,4,1,MC_singlenuc82_b2_Tk63_073020__0001_vid__6929
1.7063353553884648,0.20226302208535643,0.1793808508656063,4723.292955185645,6,0,MC_singlenuc82_b2_Tk63_073020__0001_vid__6931
2.199548463596862,0.01970622794633056,0.1792712890366555,8907.96780804985,4,0,MC_singlenuc82_b2_Tk63_073020__0001_vid__6977
2.137711504720719,0.034285747382797035,0.18079232258304304,6789.568127251409,6,1,MC_singlenuc82_b2_Tk63_073020__0001_vid__7066
1.9685761130832609,0.07803540731333704,0.19246304301313077,10902.403780559765,4,0,MC_singlenuc82_b2_Tk63_073020__0001_vid__7075
1.5131653727698071,0.08591227858639078,0.1778696750329956,12815.402384336703,4,0,MC_singlenuc82_b2_Tk63_073020__0001_vid__7126
1.7620281471478023,0.09029373442505632,0.17447070352439908,8682.332407721105,4,0,MC_singlenuc82_b2_Tk63_073020__0001_vid__7160
1.8928680165687293,0.01612874674305559,0.18007881583457194,13475.47879998763,4,0,MC_singlenuc82_b2_Tk63_073020__0001_vid__7200
2.1674999682136153,0.017286149013286976,0.19082292436633452,5584.168692725298,6,0,MC_singlenuc82_b2_Tk63_073020__0001_vid__7213
2.1383680857014746,0.08669344052351913,0.1859636981491305,5548.932431720485,6,1,MC_singlenuc82_b2_Tk63_073020__0001_vid__7216
3.390484996424934,0.0016923786571979252,0.23913792008972748,12727.696697699519,4,1,MC_singlenuc86_b1_Tk47_073020__0001_vid__10138
1.609386000968295,0.5539834887016419,0.19141006276180553,2170.242008621847,1,0,MC_singlenuc86_b1_Tk47_073020__0001_vid__10427
2.5968312388403185,0.00861988225828836,0.25083512993519974,5913.250653450468,6,0,MC_singlenuc86_b1_Tk47_073020__0001_vid__1761
7.540740819538835,0.004012721014498131,0.44870834785204583,10760.770183992263,7,0,MC_singlenuc86_b1_Tk47_073020__0001_vid__4608
4.799958286610899,0.03508676588636445,0.33037634933818844,7097.900580687001,6,1,MC_singlenuc86_b1_Tk47_073020__0001_vid__5925
3.932902085716793,0.062112015575896275,0.2737737044916784,8602.084203973542,6,1,MC_singlenuc86_b1_Tk47_073020__0001_vid__8257
5.7075152117428205,0.0507013955221769,0.41409584104813985,10272.05073949982,7,1,MC_singlenuc86_b1_Tk47_073020__0001_vid__869
4.673495468561752,0.07788233801192694,0.34801478396594376,5077.080953353455,3,0,MC_singlenuc86_b1_Tk47_073020__0001_vid__887
3.030765794743719,0.12003194421730985,0.22614063397641884,7561.820077080336,6,0,MC_singlenuc86_b1_Tk47_073020__0001_vid__9380
4.903949889030127,0.19035397402599608,0.3731893147865468,5829.933308269224,3,1,MC_singlenuc86_b1_Tk47_073020__0001_vid__9395
3.6689631967661263,0.2739921884007023,0.21986728321966167,4628.7389108875395,3,0,MC_singlenuc86_b1_Tk47_073020__0001_vid__9520
3.7335928760023713,0.020789980221387547,0.2500372275432045,8508.063280279417,6,1,MC_singlenuc86_b1_Tk47_073020__0001_vid__9522
3.0665662061468315,0.17062268631756117,0.1975125547243728,4411.936353445497,6,0,MC_singlenuc86_b1_Tk47_073020__0001_vid__9540
3.4618017960950334,0.031165818816397177,0.24440271539877598,7754.115409869747,6,1,MC_singlenuc86_b1_Tk47_073020__0001_vid__9543
3.6986518333660876,0.30097127892501,0.23996275087234795,5115.032167525573,3,0,MC_singlenuc86_b1_Tk47_073020__0001_vid__9998
1.1031816990189247,0.10229188688021124,0.19973008291704836,2814.725968871857,6,0,MC_singlenuc86_b1_Tk47_073020__0002_vid__3168
5.858849853446105,0.11778591393735362,0.5509788708642849,7306.708047641162,0,1,MC_singlenuc86_b1_Tk47_073020__0002_vid__3170
3.9310050105623753,0.03531232806087941,0.34257067906947875,5858.524134288691,0,0,MC_singlenuc86_b1_Tk47_073020__0002_vid__3846
3.986520412168425,0.15683994955176261,0.4160044008988115,5097.277420867079,3,1,MC_singlenuc86_b1_Tk47_073020__0002_vid__3852
6.604486952260618,0.016757218004991862,0.5878342660185185,9211.201479630367,7,1,MC_singlenuc86_b1_Tk47_073020__0002_vid__3922
2.630317057173645,0.06599029461326807,0.22630676180549186,8600.342104651398,4,0,MC_singlenuc86_b1_Tk47_073020__0002_vid__3971
6.808094627500554,0.07847599031345355,0.6365021579621275,14000.962927181372,2,1,MC_singlenuc86_b1_Tk47_073020__0002_vid__4034
1.9015085357054402,0.07549126904238211,0.20996376068895833,6211.3736375605695,6,0,MC_singlenuc86_b1_Tk47_073020__0002_vid__4602
4.7003252049568385,0.07618880807736524,0.455459799428952,7353.510073974276,0,1,MC_singlenuc86_b1_Tk47_073020__0002_vid__4606
7.58230379300461,0.012558065189708726,0.6755195336301694,13806.793509818035,2,1,MC_singlenuc86_b1_Tk47_073020__0002_vid__5128
2.014759143261172,0.022313467350309722,0.2038089961983137,11767.58582326198,4,0,MC_singlenuc90_b1_Tk3_081120__0001_vid__2152
1.6060731559061183,0.216763656046688,0.19540706080551468,4748.744057883906,6,0,MC_singlenuc90_b1_Tk3_081120__0001_vid__2342
5.155597469938113,0.04352471481373335,0.49065101116163806,9352.07772344779,7,1,MC_singlenuc90_b1_Tk3_081120__0001_vid__2361
5.301381409437305,0.08162090928002644,0.4746501384424809,8189.667539531141,0,1,MC_singlenuc90_b1_Tk3_081120__0001_vid__2473
1.4856636932833778,0.10163161664592368,0.17171776847042355,8774.268183025913,4,0,MC_singlenuc90_b1_Tk3_081120__0001_vid__2569
5.973669783364345,0.030246737124772924,0.46836328130755667,17965.30443467539,8,1,MC_singlenuc90_b1_Tk3_081120__0001_vid__2603
1.4412337211557427,0.024281870785978998,0.1778046271563877,15129.563811381879,2,0,MC_singlenuc90_b1_Tk3_081120__0001_vid__2625
4.250127824706422,0.07820998837135906,0.3657341813682714,10345.243698724786,7,1,MC_singlenuc90_b1_Tk3_081120__0001_vid__2709
1.3296476690644057,0.3306678318392521,0.1463417389106812,3234.5240101323734,3,0,MC_singlenuc90_b1_Tk3_081120__0001_vid__2886
6.645130239767856,0.042789070288496926,0.5030136480163628,9530.92387998525,7,1,MC_singlenuc90_b1_Tk3_081120__0001_vid__2919
1.8901411202891767,0.14741162913985476,0.1915352307080662,9421.768568930844,4,0,MC_singlenuc90_b1_Tk3_081120__0001_vid__2922
4.65261862012264,0.04676796968013294,0.4293658421063171,11901.488713967028,2,1,MC_singlenuc90_b1_Tk3_081120__0001_vid__3479
1.9196554997908415,0.026656263720064948,0.21427603309639864,3379.747678208492,6,0,MC_singlenuc90_b1_Tk3_081120__0001_vid__3481
2.588238594922329,0.06583660215433819,0.2907788460409599,13451.163150820246,2,0,MC_singlenuc90_b1_Tk3_081120__0001_vid__403
6.924920406287428,0.058036194745926674,0.5794821823406736,11163.452341827475,2,1,MC_singlenuc90_b1_Tk3_081120__0001_vid__4069
4.547258634575155,0.047218808986475215,0.46627564737898947,9149.021647777536,7,1,MC_singlenuc90_b1_Tk3_081120__0001_vid__432
2.1768276746481448,0.014240606779415292,0.2603279311276301,9658.872546630786,4,0,MC_singlenuc90_b1_Tk3_081120__0001_vid__475
5.73730276585584,0.014442804892079506,0.5137138282053549,11178.688478619282,2,1,MC_singlenuc90_b1_Tk3_081120__0001_vid__4825
4.417065971745431,0.14669501248719172,0.43900472666701834,8289.701935611036,0,1,MC_singlenuc90_b1_Tk3_081120__0001_vid__495
1.9638683107034198,0.01849410075450222,0.2500111061668391,14394.189855288218,2,0,MC_singlenuc90_b1_Tk3_081120__0001_vid__516
4.576107881239133,0.08335198012677034,0.4778673991445276,13768.085503119843,2,1,MC_singlenuc90_b1_Tk3_081120__0001_vid__536
4.485109360791078,0.08868606616810228,0.47205113622018036,7635.822716467765,0,1,MC_singlenuc90_b1_Tk3_081120__0001_vid__590
2.6412353714811645,0.09338077931347379,0.26002882459937315,10853.999252826237,4,0,MC_singlenuc90_b1_Tk3_081120__0001_vid__636
4.409773363165189,0.06050061259804397,0.4129208938358775,11649.930745573087,2,1,MC_singlenuc90_b1_Tk3_081120__0001_vid__833
2.342021554139074,0.01834606015222691,0.23099099187393865,3829.6133205938563,6,0,MC_singlenuc90_b1_Tk3_081120__0001_vid__848
8.04663390601682,0.11850641664272403,0.6513136394216633,4930.087124103473,3,1,MC_singlenuc91_b1_Tk9_081120__0001_vid__1784
6.82762423547516,0.06784400325603009,0.5490822337388,8751.618286613364,7,1,MC_singlenuc91_b1_Tk9_081120__0001_vid__2131
5.010369360807404,0.44706790177530287,0.448112760633028,2523.819644072182,1,1,MC_singlenuc91_b1_Tk9_081120__0001_vid__2337
5.685657504917294,0.09199881711127844,0.3599922676309093,2120.8435680330704,1,0,MC_singlenuc91_b1_Tk9_081120__0001_vid__2594
5.529021064121145,0.3030996956926017,0.36006101272888236,2542.084502315338,1,0,MC_singlenuc91_b1_Tk9_081120__0001_vid__263
3.568849596750594,0.07306147532733097,0.23246627540353193,4486.373111573472,6,0,MC_singlenuc91_b1_Tk9_081120__0001_vid__2692
3.8946274020663965,0.037066615992332255,0.3427472003414561,4499.615903516198,3,1,MC_singlenuc91_b1_Tk9_081120__0001_vid__2720
5.24533632261931,0.14761511231498933,0.47054446748264245,4166.766113388479,3,1,MC_singlenuc91_b1_Tk9_081120__0001_vid__3116
4.133537040644788,0.11490967161661034,0.31897322630468183,1721.1269057961388,1,1,MC_singlenuc91_b1_Tk9_081120__0001_vid__3382
3.1532446851247204,0.3405655547487108,0.2942277710086233,2300.00544692829,1,1,MC_singlenuc91_b1_Tk9_081120__0001_vid__3386
5.0303230666028504,0.36987414693226245,0.25370538582674207,2429.6288849581097,1,0,MC_singlenuc91_b1_Tk9_081120__0001_vid__3687
3.786674883302292,0.04340832341167516,0.2542436654151418,6050.188750702106,6,0,MC_singlenuc91_b1_Tk9_081120__0001_vid__3707
3.709221007909317,0.030515770467895158,0.26262704173373996,4223.460406195745,6,0,MC_singlenuc91_b1_Tk9_081120__0001_vid__3754
6.422915887683846,0.07533422462363598,0.38543823079486267,3542.537852942172,1,1,MC_singlenuc91_b1_Tk9_081120__0001_vid__3760
3.2618992989159796,0.11945988628059628,0.22683341279774794,3316.1280284703134,6,0,MC_singlenuc91_b1_Tk9_081120__0001_vid__3773
4.432016640036658,0.057753107672283185,0.2642724604465081,3152.288664117041,1,0,MC_singlenuc91_b1_Tk9_081120__0001_vid__5456
3.6366672369681137,0.23287109072785292,0.2482318678425583,1478.0997449729084,1,0,MC_singlenuc91_b1_Tk9_081120__0001_vid__5560
4.243688314749485,0.3929111298588715,0.24771771268848478,1676.1809264449575,1,0,MC_singlenuc91_b1_Tk9_081120__0001_vid__5570
4.273512781795344,0.6175492449669996,0.3096595949923499,2244.146800495744,1,0,MC_singlenuc91_b1_Tk9_081120__0001_vid__5892
4.999157478911572,0.4573544518582262,0.3513724273616583,1980.3894528126282,1,0,MC_singlenuc91_b1_Tk9_081120__0001_vid__6409
5.778593347902237,0.12513973971645342,0.3641165850630946,2427.9014057080267,1,0,MC_singlenuc91_b1_Tk9_081120__0001_vid__7450
5.506897836984524,0.31224619104244716,0.33137713864805685,3705.8359818327135,1,0,MC_singlenuc91_b1_Tk9_081120__0001_vid__7547
4.242591373199399,0.28232286682360597,0.3472511644605383,1526.291195128716,1,0,MC_singlenuc91_b1_Tk9_081120__0001_vid__7817
5.528170820688308,0.06715530243319962,0.31878494984581024,3868.1114337104887,1,0,MC_singlenuc91_b1_Tk9_081120__0001_vid__8242
4.552945523669589,0.37436338397105184,0.3614691237208538,3484.530673975757,1,0,MC_singlenuc91_b1_Tk9_081120__0001_vid__8597
2.403311432715902,0.22930062340361282,0.22726297753277194,2612.0313561886746,1,0,MC_singlenuc94_b1_Tk31_081120__0001_vid__11825
3.405721559319198,0.12020968348782171,0.2961270183668897,7083.759282670313,6,0,MC_singlenuc94_b1_Tk31_081120__0001_vid__11869
1.5481349723256117,0.1130368467728609,0.22147433788788679,2904.916293803515,6,0,MC_singlenuc94_b1_Tk31_081120__0001_vid__12012
3.3955246023118133,0.3186164003818898,0.2907899918203508,2589.9281268714512,1,0,MC_singlenuc94_b1_Tk31_081120__0001_vid__12039
3.0758052168092975,0.4580795286502758,0.26774276056459356,3051.6044907815276,1,0,MC_singlenuc94_b1_Tk31_081120__0001_vid__12068
3.68423581499201,0.18062894022218998,0.3166397591149791,4195.439254925644,3,0,MC_singlenuc94_b1_Tk31_081120__0001_vid__12128
3.1212927732041273,0.24691867420148325,0.28267460984353904,4033.3586005538896,3,0,MC_singlenuc94_b1_Tk31_081120__0001_vid__12168
3.0742937261297087,0.09398915788951315,0.31209668156182235,4348.444805312343,3,0,MC_singlenuc94_b1_Tk31_081120__0001_vid__12219
5.9641253317779075,0.047961859840875705,0.44449699092559275,9278.61535124739,7,0,MC_singlenuc94_b1_Tk31_081120__0001_vid__12632
2.897596390600136,0.04239429653382881,0.26168173194566163,4123.531606256346,6,0,MC_singlenuc94_b1_Tk31_081120__0001_vid__12997
4.437336385798442,0.17807438524691935,0.36942023021981873,4615.227734061704,3,0,MC_singlenuc94_b1_Tk31_081120__0001_vid__13002
5.317465377709745,0.08951624239163324,0.4564198001095476,4737.457376154827,3,1,MC_singlenuc94_b1_Tk31_081120__0001_vid__13017
3.7961425758629197,0.02976730676267672,0.3809771483974311,3060.8753141905477,3,0,MC_singlenuc94_b1_Tk31_081120__0001_vid__13436
3.828695029447547,0.061836125765987765,0.2915827296498498,5302.88093998162,6,0,MC_singlenuc94_b1_Tk31_081120__0001_vid__14059
6.57352994295746,0.047222776772676625,0.5325216880742825,5894.737147969803,3,1,MC_singlenuc94_b1_Tk31_081120__0001_vid__14066
4.596658106810694,0.2930786856262969,0.373556251771669,3804.3238928989176,3,0,MC_singlenuc94_b1_Tk31_081120__0001_vid__14232
2.628577561373308,0.010127308486269505,0.25206296821843105,2529.233570817968,6,0,MC_singlenuc94_b1_Tk31_081120__0001_vid__14433
5.7799864460634565,0.14723937463857914,0.380438131302197,5441.391207782909,3,0,MC_singlenuc94_b1_Tk31_081120__0001_vid__14434
5.293536636200461,0.10750722240577772,0.4194056636428738,6030.936645999349,3,0,MC_singlenuc94_b1_Tk31_081120__0001_vid__15953
6.194762801035341,0.07668664723301044,0.5253380255588301,7165.927712029668,0,0,MC_singlenuc94_b1_Tk31_081120__0001_vid__5097
6.925284693790207,0.10713325645938129,0.6122331435173726,5403.027482057573,3,1,MC_singlenuc94_b1_Tk31_081120__0001_vid__5115
2.5580732363437817,0.09277828516053419,0.2539909675545184,4198.532814927303,6,0,MC_singlenuc94_b1_Tk31_081120__0001_vid__5890
3.1399940244674474,0.0025159554487206755,0.30506123208765074,6036.607551720015,0,0,MC_singlenuc94_b1_Tk31_081120__0001_vid__5917
3.727270248509193,0.35607679692881306,0.3198948875952224,3531.562499012756,3,0,MC_singlenuc94_b1_Tk31_081120__0001_vid__6112
3.105952495296647,0.040243076661258155,0.26550570800781687,3349.1260426648228,6,0,MC_singlenuc94_b1_Tk31_081120__0001_vid__6141
2.8027962453775213,0.06843752614053156,0.2598697532237577,3070.9620383669157,6,0,MC_singlenuc94_b1_Tk31_081120__0001_vid__6774
2.6569703518808168,0.08956403662831415,0.2659878372150706,5322.6444297861,6,0,MC_singlenuc94_b1_Tk31_081120__0001_vid__6946
2.742467892554289,0.000844964238912385,0.25395975505797114,3982.00595048157,6,0,MC_singlenuc94_b1_Tk31_081120__0001_vid__7442
3.001569638401069,0.14331696800557903,0.2731800455525868,4024.8818410318518,6,0,MC_singlenuc94_b1_Tk31_081120__0001_vid__7471
3.1039474049197637,0.052069445686712505,0.29307586257256313,3532.5949559094443,6,0,MC_singlenuc94_b1_Tk31_081120__0001_vid__7673
2.194850231098325,0.552548841877726,0.2565502702001576,2040.153270031574,1,0,MC_singlenuc94_b1_Tk31_081120__0001_vid__7686
3.4853939128111393,0.17317385409593777,0.3067535167201845,3520.0652015428973,3,0,MC_singlenuc94_b1_Tk31_081120__0001_vid__9369
3.1960558233409633,0.08179801175057129,0.27730576027826864,3897.0449850482273,6,0,MC_singlenuc94_b1_Tk31_081120__0001_vid__9370
2.6571915473394565,0.48733075620750543,0.24923270261646469,2438.4018499127687,1,0,MC_singlenuc94_b1_Tk31_081120__0001_vid__9864
1.2843505511247122,0.2774332464021245,0.1995950252882246,904.3290596817509,3,0,MC_singlenuc96_b1_Tk41_081120__0001_vid__1490
4.748646929945264,0.4627288599439647,0.46094026787358766,1851.291757459412,1,0,MC_singlenuc96_b1_Tk41_081120__0001_vid__1491
5.325112277337867,0.016331330631258592,0.38549319474857846,5128.695887819183,3,0,MC_singlenuc96_b1_Tk41_081120__0001_vid__2380
3.9398409663518374,0.3869704339266687,0.27885244205398996,3611.7219864717326,1,0,MC_singlenuc96_b1_Tk41_081120__0001_vid__2386
3.7394233407721926,0.5039872891579551,0.3079437565088194,3301.989990219229,1,0,MC_singlenuc96_b1_Tk41_081120__0001_vid__2727
4.145938064425132,0.01861348985334474,0.29345504593713356,2469.5379764252802,1,0,MC_singlenuc96_b1_Tk41_081120__0001_vid__2732
3.058845665722409,0.612684035048793,0.25693240327430483,2117.0511649750324,1,0,MC_singlenuc96_b1_Tk41_081120__0001_vid__2733
4.562889180215885,0.4296227134501511,0.5213509265007095,2426.3979249408985,3,0,MC_singlenuc96_b1_Tk41_081120__0001_vid__3782
2.46019011929648,0.142454327155083,0.3207911203517509,2858.489688556083,3,0,MC_singlenuc96_b1_Tk41_081120__0001_vid__4733
2.4887962757581543,0.039655173419752526,0.33295268591452654,3576.572578192475,3,0,MC_singlenuc96_b1_Tk41_081120__0001_vid__6685
5.360808556491509,0.3525787897148861,0.4785996263890862,2020.4217132617525,3,1,MC_singlenuc96_b1_Tk41_081120__0001_vid__6696
2.547681578263776,0.16891316490486896,0.33120914702742377,1862.5036868859058,3,0,MC_singlenuc96_b1_Tk41_081120__0001_vid__8014
1.2657078450766819,0.13261559686539592,0.223405252108918,2432.632277810918,3,0,MC_singlenuc96_b1_Tk41_081120__0001_vid__8279
1.831632352886743,0.1548489195379321,0.26541298779037586,4662.305969560421,3,0,MC_singlenuc96_b1_Tk41_081120__0001_vid__8436
3.9037303033371784,0.09120025212184417,0.42072198209791933,2094.091370924343,3,1,MC_singlenuc96_b1_Tk41_081120__0001_vid__8437
1.2045692443037728,0.022949656716119263,0.24005757283874468,2341.0723548427354,3,0,MC_singlenuc96_b1_Tk41_081120__0001_vid__8618
4.373397070485198,0.13528654892029426,0.30830867300306053,2844.416221653867,1,0,MC_singlenuc96_b1_Tk41_081120__0001_vid__8640
8.751024097543867,0.21896313462751915,0.6594987644088444,3227.3442822001343,3,1,MC_singlenuc96_b1_Tk41_081120__0001_vid__8641
0.7464655572307912,0.23432687239489236,0.1878291959699822,1861.253452985743,3,0,MC_singlenuc96_b1_Tk41_081120__0001_vid__873
4.584189426440449,0.0809493426130111,0.5763471621995743,2374.990027135426,3,1,MC_singlenuc96_b1_Tk41_081120__0001_vid__877
7.188265178846871,0.2221506858131446,0.5624169837115398,4535.982334847922,3,1,MC_singlenuc96_b1_Tk41_081120__0001_vid__8792
4.243637204310719,0.21232607890059127,0.44701130348455925,1659.78661145051,3,1,MC_singlenuc96_b1_Tk41_081120__0001_vid__8893
1.2257911369640437,0.14337939727043342,0.14393340595427012,5789.845946993272,6,0,MC_singlenuc96_b1_Tk41_081120__0001_vid__9161
2.434414104028443,0.0813086244665243,0.21621970476890673,4567.240841147395,6,0,MC_singlenuc96_b1_Tk41_081120__0001_vid__9345
5.231544884036307,0.05698119981698801,0.4431160839108556,1972.812040842182,3,1,MC_singlenuc96_b1_Tk41_081120__0001_vid__9350
