speed,mean_turning_angle,outreach_ratio,square_displacement,track_id
0.017103714648043934,-0.7638797493324633,-0.09590590100588088,-0.526893084465341,6
0.9031574287181976,-0.08836041993623697,2.758742666965807,-0.7341422315441856,14
-0.3883694390242235,-0.25871150268301485,-0.4295365892978447,-0.012854950345462673,17
-1.2289992523393531,1.6467079086229626,-0.7789637466645963,0.9810063569806738,18
0.20274900717875535,-0.3327780861589497,-0.5973798305794632,0.2640410707093362,31
-0.5321487954972715,-0.12265688390578695,-0.549670813160009,-0.28353549689802354,45
0.3214350404761231,-0.04993147381513236,-0.496021502367737,-0.5990288443263667,47
3.306363993505999,-1.0750629822739062,0.7900729446592919,-0.689078326288178,56
0.6942019768679311,0.3864370668030379,-0.7252828507140124,-0.606328392697832,82
0.2629864391726089,2.1560581358335784,-0.7261966746291093,-0.4981337721763106,83
1.039276989137672,-0.5381137585555112,-0.6590823138923235,-0.6198329057900153,85
0.38660816017113864,-0.8884845566826041,0.323488254905876,-0.6268687047386261,97
0.4543511112597838,-0.8232636120073076,-0.9186822354421863,-0.2245106707345563,134
-0.947049255167051,0.5496005120805652,0.5142688307962935,-0.5084749169782511,136
4.150193286037147,-0.652247160543293,3.540245261428054,-0.6922480932073046,137
-0.932942024901681,0.6347277672753274,3.8022191431211816,-0.7199092734746685,139
0.8197005111304476,0.31729689659310917,-0.1341279129811657,0.17543843808230616,152
-0.5948176117945553,0.7201420380826964,-0.05845635164517147,-0.10488354926242865,156
0.14650746245616691,0.03891791355083511,0.967313153516679,-0.7079348782714572,164
0.7863903795972419,-0.08848233553978985,1.7771470673408054,-0.7203499221403842,173
0.06391063660953444,0.8550932186276822,4.287775055115368,-0.7286104467869507,176
-0.21508796279599163,0.05806775307095975,0.24068419684993395,-0.25604605855976426,177
0.10525973891829457,-0.01974819930726547,-0.44165551952038506,-0.43842355191681426,178
-1.1385415805966586,0.5003392997213331,-0.3740646758120186,-0.5619198222505924,184
0.1232765063778211,-0.7624391604243768,-0.5185365634903378,-0.6422885012617161,186
4.139643628372042,-0.6250594517626904,-0.884734790949482,-0.730835881425387,188
-0.36677163613324215,1.0306291313907354,-0.1259105381348557,-0.16067962016339507,196
0.27844410456667,-0.090474196422471,0.7950570275180147,-0.7137260826655588,220
0.3890420152782733,0.8569470949327019,0.37901102762337185,0.27519156566792174,228
2.415223682420723,-1.0554794683346915,1.6068801328274707,-0.5926662396378531,229
1.0733952811515646,-0.1994828439802737,-0.7293442174700604,0.43972896252567295,261
-1.3712972130929408,0.6130790792723511,1.3910239650937042,-0.753664568805928,269
-0.5349445638609338,1.9800501160221304,0.15382988033205733,-0.5214590278323359,276
0.24321263125107528,-0.5366083222469087,-0.24674284808269092,-0.361482190271354,277
-0.8352751983586324,3.241855611347712,2.3663357953341246,-0.6695550575622249,279
-1.1359576683168549,4.655587714526337,0.9767702215106525,-0.5688673795281652,283
-0.09101457820435956,0.2451707819091076,-0.5626324030119038,-0.3769414279037432,291
-1.7698224739553734,5.231301803262303,2.3842145938947428,-0.7100309989467116,295
-0.083923881618477,0.8119946978128205,-0.0002420935097954312,-0.5326673975282444,296
0.5740742691349908,-1.2722558801835113,1.0777142536500122,-0.5792315031036881,297
0.4730786732515348,-0.8760997054430627,0.8270507428200855,-0.4348254618007958,299
2.312958042349881,-1.167895783427799,0.2950851301252711,-0.632861225209479,331
0.46737814702092845,-0.9664889189622526,1.3766900102856976,-0.5520451782348113,349
0.07981384465315468,-0.29764983128830697,-0.8426764701999188,-0.44002825278751473,353
0.7232678362488951,-0.890642774508389,0.6210279992524745,-0.4276410089409665,388
1.2040541898416843,-0.7808796823159277,0.3522060066000075,-0.5677991723473932,396
-0.6600617554294559,-0.07503965438479035,-0.4579834379169422,-0.20465628168118383,400
-0.6943278223402866,0.5144006613204515,0.505926875660137,0.41713591723187693,416
-0.48899667921337797,-0.4784425043988499,-0.1121656011679585,0.1748415998787566,419
0.6649985481524128,-0.8306972584442748,1.3644774074110155,-0.594304901195001,429
0.6794933109273495,-0.20848547459367478,-0.9156899188634356,0.6937821249194807,432
-1.9156076885873938,6.543558779187141,6.1176016260111865,-0.7682547129801248,434
-0.48747192410582874,8.837215893318058,4.736810379662164,-0.31234120763479156,438
-0.8662003038000456,1.1570469021696663,-0.8633823145405213,0.001283844249919494,442
-1.0257789365728238,0.5565678201439391,-0.7226401832773962,-0.02569818912041115,449
0.5013180004747944,0.7824999597372878,0.8556093189135037,-0.41265423776268223,451
0.5399986783799299,0.5724953489149616,0.6111898416185217,-0.06940569551980842,454
0.9579737251332864,-0.3366805460724723,-0.5745925454740186,0.7279377076008153,476
1.960283155823209,-0.8864545769698183,-0.7207128843303551,-0.5029681751324659,483
-1.5090181000072709,0.3486338896941141,0.2821754248331853,-0.7627133348866388,484
1.118798277561288,-0.6727126697945922,0.46394985761143726,-0.18785685575417335,491
2.067122022841439,0.23459806784390333,1.6046147995099207,-0.6080652216118176,493
-0.30085234533736577,0.578215238674061,0.5040260756279882,-0.3660929592304695,494
0.7372801019172586,-0.15985250185635913,-0.3796638409232505,-0.07896516810888475,495
0.056958105361157634,-1.1208613827755263,2.9138024969024596,-0.7192588209189881,497
0.4978335881181584,-0.4963544112733168,0.49332171784852236,0.3016318672168026,533
0.4480238559658653,0.24636096250292885,-0.4273539361956375,-0.6878221782155186,536
-1.3921749805548653,0.17816123001069947,-0.24262768771084559,-0.6343460270365309,540
-0.7124747359688645,-0.7403071008091168,0.4603865680432224,-0.7534243679048589,541
3.2704901927497043,-1.0868158696531238,0.9207096230624426,-0.5937098311754132,561
-0.147340420742567,-0.5685071564685545,-0.4929201293231894,-0.3831879567109692,562
-0.04717631379279637,0.4307150100511508,-0.8191765556214092,-0.6741290139003618,574
0.8619705974134437,-0.43745971338849926,1.6561464783151756,-0.25645643055549316,581
-0.8099571162050145,-0.12863443390029453,-0.7750742222096578,-0.6018741093608692,582
0.3956232692603682,0.38994174685260974,-0.39398970939277606,-0.4991295745684256,590
-0.8824065129428742,-0.18010249922680133,0.16806885920989711,0.2882303530231484,605
0.7498455679867889,0.0637906934030046,-0.5646747039065751,-0.02368591938319656,612
-0.8684435840803657,-0.39723171311319455,0.26723966490184764,0.1794214673904204,622
0.03883085542835423,0.5671987753750829,-0.6894736830249989,-0.7058836130550545,623
-0.5563818914292965,-0.8878179012330593,0.853712261575998,-0.11944762419265569,655
-0.05149974953023271,-0.5687099989541192,-0.8815591596513379,-0.3777364247002845,685
0.11452637653502236,0.2970840172800052,-0.7865697230562368,-0.25538395105232714,708
-0.665321687921276,0.08523954499744592,-0.7067984777950692,1.3042144383613243,718
-1.241725306186377,0.2409723728867131,0.46765022709555987,-0.48234761060511094,749
1.3300807021938676,0.8899525805913933,0.9827379866213107,-0.5896198339493608,767
-1.02304456955562,0.642095337591124,-0.33471247363662987,-0.6063421515912236,794
-0.36883148974025715,-1.0403531580388228,-0.5892499147177239,0.12670218293172103,801
3.044904341302416,-0.02630171660259592,0.10210711705134644,-0.5897223215769456,808
0.3522417894714301,-0.23565903373731573,-0.5702871778187126,-0.609204179561058,833
0.17014006174966825,-0.3028895014832577,-0.7994169806101943,0.8269993002798147,855
1.0995334368841245,-0.4086948000101773,-0.6315803962775703,-0.15165194094863169,869
-1.014931136414057,0.678063010744974,-0.2807649045878914,-0.4375162994970731,877
0.048674244573224314,1.1292511715415412,-0.5835417606361416,-0.7639766303193053,914
-1.5506230126720715,1.0024361212533863,-0.23387953820567886,-0.6534111483951757,922
-0.1993477234597875,0.7319604275664305,-0.7624453513049309,-0.7651115304465446,927
-1.1178904121045299,0.1536708736203665,-0.8694792666824753,0.6730206031911354,976
-0.32962947735769327,-0.3588517529164111,-0.2670751997854563,-0.4052385560514107,981
0.5218667545799233,-0.9916435402992535,0.51489107434442,-0.5024343242632103,1010
-0.8889927583642496,1.4755236165823151,1.47537768403349,-0.7000894675357096,1020
-0.32887451487379565,-0.8186405858159063,-0.4912885151179291,-0.35815196712958763,1031
0.377246635012034,-0.013428026335922121,-0.31799293463698386,-0.37259156096022583,1040
-0.7352114474401504,-0.21335775562181986,-0.2578813385460333,-0.40902839243886074,1067
-0.5203990232442538,-0.7667889014901866,-0.2096926624965961,0.6576924312347936,1070
-1.1594969686016945,1.4582735210091806,-0.7773111295443782,-0.34747237822703597,1093
-0.7043781330775394,0.44002094982791656,-0.8207551550586657,0.1418191901002491,1110
-0.5739328839573514,-0.5712564514137934,-0.8025994159101822,0.9281775785694296,1148
0.16951570190744036,0.5421315250760166,-0.5353539160001424,0.894375342823071,1173
0.6310160785825322,-0.09520979412983789,-0.6632196247274879,-0.517641956399005,1220
0.6344706367819968,-1.0148442091784635,-0.43863064675198865,-0.6376654928100132,1263
-0.9185454353720108,2.650184663637331,0.20727614949415152,-0.5982126833664214,1290
0.484807071171902,-0.9619450855692216,-0.10368523496439482,-0.12107031786381416,1320
-0.6497426873097463,0.7002242717996701,-0.40869841294847215,4.590480734650968,1330
-0.7490957429016845,-0.0990667763303745,0.7296625885220469,1.47023170043883,1340
-0.18008408190511577,-1.2603462993828043,-0.31596828431604373,0.40216352064894245,1364
0.8591059954454717,-0.09208412413113376,-0.3013093728536308,-0.027595265301083628,1382
-0.48567233927981024,0.973721039318042,0.025438325759913095,-0.5638530202063472,1410
0.9521239121180112,-0.35565802667634855,-0.6429162889997032,0.22665234456497887,1427
-0.43099742382733197,-0.8439937585362407,-0.35193256045467386,-0.02958552076876463,1444
0.6540812895134837,-0.24446866551282143,-0.5850986474483558,-0.4238324222725184,1489
2.0431309021520203,-0.7699074262956936,-0.6559876630973933,-0.6707503706086384,1513
0.6515213741909549,-1.283669221350638,0.6248673742641528,-0.734520698471251,1514
-0.6506797704719609,-0.6885466069084508,-0.3233298062007698,-0.18085968346729048,1521
-0.9654286043618571,-0.4989037757314482,-0.13486043814188553,-0.2512483868908449,1532
1.1093483712470185,0.3271213929317135,-0.6698260159233229,-0.6436660821693196,1544
-0.31522745785757483,-0.7245900388411642,1.1314066117546533,-0.4880815017337284,1558
-0.8591471669764763,0.569055346084469,-0.7744531480786279,2.1451556804751535,1573
0.6558814821121759,0.21790645270241552,-0.6635131587839005,-0.23568345985293976,1581
-0.8337644631525105,-0.23955279001516563,0.8596361291420046,-0.19207047852164472,1635
0.30329087909251184,0.4603939498623486,-0.2145658541790475,-0.5970441020461953,1637
-0.526044601592017,0.3285630562384706,-0.7444126900858627,0.6096436429179728,1640
-0.11823882735538334,0.754346580438095,-0.6669559311568659,2.560784489502477,1679
0.6553460481920911,-0.3805467172334816,-0.5056759791322712,-0.39981203680640925,1687
-0.5720882586746818,-0.4538915386300366,-0.16553607210934052,-0.05877740467949293,1713
-0.2609643729929295,-0.8839123926108288,-0.9152053381031152,0.13297296530254227,1731
-0.5361483530190295,-0.10786013532121598,-0.39206441509114237,0.8477804967285264,1748
-0.45961125446335505,0.36897771995116707,-0.6008635127419633,-0.3872680365660709,1752
-0.510978271734127,-0.8467294769423459,-0.8478183909897147,1.1926700670878283,1772
2.446491512139014,-0.29470776414767225,-0.2074661083734607,-0.5654129391684068,1784
1.4308264031770892,-0.09724875501729054,-0.004141812384743039,-0.6044528658549335,1785
-0.7523262081902726,-0.7615953833958808,-0.5311658176899905,-0.005206648080793446,1793
-1.2463081558035298,0.407189551894148,0.01958820590056945,-0.5340133883457722,1800
-1.298155012295956,0.7213972417624577,-0.7312146181176641,0.0600825038155957,1808
-1.3371967556349427,0.5184837922943367,0.10567955681971672,0.9947392674869789,1824
-0.5144272803367435,-0.29911853201413713,-0.03526753634392599,-0.5783767912161543,1843
-0.2659117433742035,-0.5789642670849454,-0.37137031920077884,-0.40982895911637346,1852
-0.3628994225813979,0.07549685054729093,1.8909167405933802,-0.5991935501266332,1853
-0.024784597361020445,0.6097157837583929,-0.6213848827756661,1.282809016763665,1861
-0.7393567324688303,-0.7535677423402748,0.5283727157135161,-0.004290236671905494,1864
0.30916802420791495,1.1283688077008343,1.9464516369732294,-0.3369084632200372,1867
-0.4576825218399661,-0.1150282290958092,1.0436308485935986,0.17502549340958642,1868
1.1854330568486091,-0.37311484680516427,-0.13508106533737624,-0.7178848575932779,1907
1.0002280253594726,0.5057928996727166,0.039500422806448804,-0.18839872213699368,1911
-0.22102087748685356,-1.0245720657841957,2.8268539960832935,-0.7382140398512267,1914
1.6222582806226824,-0.7465971869432351,0.483749213211676,-0.502293998051683,1932
-0.05819872677249946,-0.04803261834128332,-0.8290723343970084,0.10757207772773038,1935
-0.8236898899808298,-0.4159559872311985,-0.0980906017778227,0.37579813050850197,1938
-0.31321824724259273,-0.0925496201405445,-0.6538142290115992,0.2174749668122153,1956
-1.01889366462307,0.5256299164047922,-0.07846805126835031,-0.29474828450743024,1976
0.046613228503858115,-1.3933975757081025,0.3671956006556562,-0.5941409674116896,2002
1.7676554777897098,-1.028615388541706,0.8855939638067454,-0.6372761885675033,2003
-0.9920289268186466,-0.46206512726257354,-0.20023629112688696,-0.06543197601198862,2020
1.436862722928534,-0.10722672024618794,-0.5784499539685048,0.1448350442768377,2048
-0.6633814817677587,0.701941062799808,-0.8115002547406391,0.898785722923219,2085
-0.33410928645162297,0.2664523230994808,-0.8842271848819515,0.30816920313531243,2090
-0.4995045166153762,0.03713514542492717,-0.8836932382299343,0.7802061826009646,2095
-0.8136520714848181,-0.1290124341250593,0.11981929547139643,0.10810933042246015,2102
0.21712406906215445,-0.7082147551634023,-0.49364392246882655,-0.2345454865045254,2105
1.7445370009937335,-0.2701572707955382,-0.5243549319725463,-0.6571591133469419,2131
-0.6603451414939584,-0.1328191837994747,0.9018270274406707,0.26893516397291545,2184
0.3297745878118804,-0.09629454342349454,1.6902127014013693,-0.4491297760071475,2221
0.13767152378946274,-0.7488686471821168,-0.6893833961164514,0.129368794686083,2226
-0.2811806895367118,-0.48126068931071014,-0.4065823247324044,0.026224889372908174,2243
1.7166349877989386,-0.9664395190439479,-0.7867946593903107,-0.12483386008157567,2244
-0.804836831732312,-0.7143260964432893,-0.6748167074371205,-0.3906529159513819,2248
-0.6834684360067289,-0.7477787566902583,-0.5466470842306739,-0.12273863904654651,2257
0.7470364660683075,-0.25424564738765143,0.4213246533761452,0.07074283644272367,2299
-0.9416284784691165,0.5046057698803224,-0.76607794817927,0.8414330311633275,2316
-0.05589590194839171,-0.21532163542602945,-0.19312640759383226,-0.2943705117985574,2326
0.6980889801121911,-0.4022291871765582,1.8476563294174118,-0.6082158236412717,2337
2.9537990581443374,-0.5273578164455051,-0.4694943833059702,-0.5858911181394119,2340
0.9959265084200687,-0.3319045288001437,-0.672536087687816,-0.40825831466061313,2344
0.7676684621438045,-0.42127129695187776,1.3926414902519293,-0.5840542841056393,2345
-0.763931260941135,-0.6545649922656273,-0.2676649319453282,1.0129202236158246,2358
0.7817171323844382,1.000817021937098,-0.6764698864344335,-0.15457039778844217,2361
-0.8494369434744811,-0.3691150636564375,-0.6747744403098,2.715014938152029,2364
-0.741470021850048,0.048152364419478476,-0.6316595756877601,1.6926220067032192,2402
-1.4954854477456754,0.6929712570071935,0.31334509756496365,-0.6228319445239417,2429
0.0910862519747619,0.46847950826451956,-0.49608194045841936,-0.452352338635263,2433
-0.6015611422551534,0.8459759360618023,1.9064268466393957,0.10274726127222836,2457
0.8107200021878838,-0.4741940254276408,-0.14621522047400054,-0.7043777502934176,2460
-0.0748330885813112,0.16508755501039776,2.5170272522129196,-0.5868414611977375,2466
1.4654258042966295,0.8390533698406986,1.168139230613076,-0.6526368701727251,2467
0.8656653540080755,0.7373985042450595,-0.43818162811793787,-0.4112922382005685,2473
-0.006653264968847081,-0.642134476217412,-0.21426446725166953,0.225339835759688,2480
0.7281831466086973,0.005400646079412344,1.7463992569137634,-0.48840815969096246,2482
-1.101917605605628,1.2087558756214924,-0.029827663195209155,-0.3555504100005932,2486
1.1950535190765634,-0.7628248632595375,-0.1688330303000468,-0.33199803985020243,2488
-0.1481203031501568,-0.2586316222643307,-0.07194124920262664,-0.4659596439272712,2489
-0.9262947688198847,-0.8532717208435696,-0.05416079999148598,-0.42966039342344614,2492
-0.8905521447370873,-0.18485742420059467,-0.7625154628502412,0.3041713008918361,2493
0.01474124872923214,1.2812803102948171,1.399601186706457,0.21493573334987512,2510
1.2811362858540551,-0.7571430882288056,-0.2903701867209753,-0.47484939938658594,2511
-0.6943521585756893,0.3010197021291211,-0.29939024990992535,0.23769706095055046,2520
-0.10450934167389861,-0.2919778443833517,2.1362364530833835,-0.718045058084107,2524
1.659535742159316,-0.5799391578442272,0.5735960628850931,-0.6106440104857792,2534
1.3625375339409007,-0.5695596285841511,-0.7318256552758813,-0.4293580233022554,2542
-0.9291909137403156,-0.9553316311532175,-0.371067699042237,0.06111289672043056,2558
-0.2687431257194593,-1.1393403621735991,2.2116567391547823,-0.529760818130436,2581
-0.7824320597410457,-0.5488644008436305,-0.13758025581045447,0.9108649599797082,2586
-0.08129111113354502,-1.6072385057733674,3.72831034633438,-0.5658659745070228,2593
1.2527958815771616,-0.2660353289436627,-0.7595224385802157,1.1205478489204694,2603
-0.8396406411198574,-0.2748509001472902,-0.7277926725093178,0.873431977983477,2615
-0.9771879242848535,0.9957375142203209,-0.4886164607716405,-0.5541267575148552,2620
2.572410943907848,-1.2322129930813808,1.0727983323627832,-0.3342765744066713,2647
-0.7341294765085689,-0.14773492915741218,-0.5949405554667002,0.02621122896575214,2653
-1.3749386461376563,0.04333056516912757,-0.3687010698763622,0.8216977519361938,2692
0.2603115049023556,-0.4062797821140729,-0.4595166305760129,0.4323475085739753,2709
0.055600146644356176,0.8415680492496662,-0.7168647117377605,-0.6271944404305463,2720
-0.9256823340792608,1.5798593130567176,0.2705483380673602,-0.4034290576181277,2804
0.13562755483845235,-0.521749009973227,-0.6351200371747311,-0.5564046654907445,2810
1.8205269264464161,0.6667285821532509,-0.14103397714822816,-0.543991868741898,2811
-0.1068259734585397,-0.6685736060289907,2.4932277067945896,-0.41236902444816986,2837
0.6205736449111233,-0.7639614743225072,0.6030714074911517,-0.6473408388646296,2865
-0.23197511094643097,0.5017221287424907,0.526763916207788,-0.36299751214553155,2866
1.6394496611314109,-0.36860238989748695,-0.6810712765500198,-0.33378773974320713,2919
-0.9911175791987954,-0.4388387572037054,-0.8655111194736925,1.0080420327681832,2924
0.8330485122504296,-0.9652207159338685,1.5206951809751252,-0.1890060839258267,2928
0.08867332998209324,0.47126292753802757,1.6453103917585594,-0.3473266740658149,2929
1.5602317860904074,-0.7120452462207941,-0.27242592488938455,-0.6518395817818381,2931
-0.9898902735077149,0.6530348287253528,-0.37244013107240426,9.186149992993238,2962
1.0175952554706607,-0.3303302404616659,-0.5977624628680969,0.20394941676140044,2999
-1.0476127335371845,0.33620718942957817,-0.6252474919922079,1.8990857402269319,3020
-0.9794811173218115,-0.8064805905289909,-0.15907306994363893,1.2191360236076707,3036
-0.9074882456878257,-0.7407152138833848,-0.8361602130194405,3.4336647081867366,3058
0.07040437629189072,-0.2594425428056798,-0.788122268198355,3.470939679841611,3093
1.9726466277242398,-0.5518894064879923,-0.39561395565518914,-0.13696871205193034,3107
0.8333923520211928,0.7190621472386521,-0.02539384391811969,-0.5947154036486378,3116
-0.01217555450396595,0.2108360871736912,0.8083619969964372,-0.47946224713488167,3130
0.7339539497479236,-0.01487556311225226,-0.7626387314689265,-0.45005426751837235,3133
1.1866779747851015,-0.05697843263963903,-0.21197278777229,0.05990466251758238,3170
0.39741123552086405,-0.7181254154434894,4.267841442588746,-0.527654736368076,3205
1.3199243085508698,-0.5088904358291592,0.51336668998153,-0.5594363640078764,3235
1.5730283166538852,-0.848021585929219,-0.5135041204562426,-0.6780902417483871,3236
-0.627963907072247,-0.9110112652874434,-0.036766264064693126,0.2973329943625498,3257
0.5152679213528629,-0.03699667816868551,-0.4003416397035015,-0.5024132392774316,3261
0.1531294642714504,-0.22948709920677593,-0.8741293623427987,-0.41212836384833423,3267
-0.6379333709087033,-0.6696685914553688,-0.8387781339869711,-0.4059669513059148,3278
0.013991490336711052,-0.8883581687232702,-0.29324183850875835,0.16698223779041516,3288
-1.0888236533118518,0.5076315029261202,-0.8458878633046387,-0.4692790401945584,3303
0.8125495266350281,-1.2153069975337156,0.01342709885151822,-0.4120137871297519,3305
-0.7975721647943557,-1.0395349484200511,-0.7186132936813996,0.33545537102554657,3318
-0.6609022460021972,-0.8214052592984864,0.8367670250538564,0.19284011568825327,3337
0.682265273089891,-0.1307533092757542,-0.3287586372619704,-0.658256946796492,3365
0.19317386948584309,0.25527796162782057,-0.22996342391607913,-0.6644601467672979,3382
-0.3713176664121302,0.2322036506058723,1.1814937602915134,-0.6173517545907031,3386
-0.37734526076705943,-0.12605634737390137,-0.2721088684482594,0.06072423106100846,3394
-0.635702199421143,-0.8532005059304011,-0.429845767122202,-0.42514909025108527,3404
-0.6928604873005085,-0.6287469991063591,-0.5975872608011731,-0.1884266546847393,3421
0.3844491125809501,0.21602700575970457,-0.8557013798715415,-0.6069064104161142,3422
0.38590881350337586,0.4645061158598423,1.1374224090500256,-0.6665879096605118,3425
-0.556888020494538,1.1328330872836134,2.170174185512306,-0.6226563530869369,3426
0.360914393621666,-0.4447120112535016,-0.28913682186360384,-0.15506883666400056,3451
1.4990736586651925,-0.2982179164561458,-0.41666264561366073,0.3879750220558181,3457
-1.1349600402759719,-0.2681965417228412,-0.14596456092906848,-0.009836386044447308,3460
-0.13184119165519698,-0.5088328027322395,0.34743810823658744,-0.030896118116322303,3470
-1.3225414157653563,-0.06163458805627677,-0.02798422483218098,-0.32570757962695474,3471
0.49208179874368757,-0.22223046825856754,-0.6561836199393734,-0.646929261882216,3479
-0.7797736969809786,1.410193701873769,-0.5355690901405304,1.3204941743150251,3481
0.5682711957217722,-1.0700703750706535,0.6804235648886076,-0.4813864681836404,3482
0.549864867432362,0.4048928189024322,0.03249006715880512,-0.732056116765413,3492
-0.265475256452716,-0.9005993991885719,-0.3008211281962653,0.21219674380953107,3510
-1.174584513967828,0.2769775840582471,-0.6683930657398354,-0.5867609215275815,3515
-0.7039221799889629,0.4586647479659445,-0.48891660599047176,1.0721664214310413,3520
-0.6442602734508646,0.4124338026997705,-0.4798821222446066,0.09337790347150096,3531
0.06374684528417562,0.7873845679588836,-0.613837124390801,-0.41002125282342433,3553
-1.0341711830048899,-0.18694765294117474,-0.2850635322829748,0.5512222795985673,3579
-0.9666849854078855,-0.7654684005240536,-0.7799917507696951,0.013051997190873842,3583
-0.9519101000574297,-0.0954107252023393,-0.63990811585762,-0.2864088412676403,3594
-1.4293271506958378,1.098138384316545,0.10295487602823371,-0.6385506567871004,3607
-0.5736568713244438,-0.46267256008440394,-0.1484350752026895,1.206719592491247,3643
-0.42817426379286533,-0.8425707344179204,-0.3558442428085538,0.27918506993359193,3654
1.5114897518246326,-0.9344633859127602,-0.4775042732887505,-0.5481977659277926,3760
0.10851581625932752,0.0700905179316346,0.03230668048330749,-0.42542074261517027,3852
-0.47850838512899296,-0.14236317132554166,0.6414743321613717,0.0679429488901658,3866
-0.8289697951712007,0.29226165594407794,-0.24508197416993968,-0.5076197986902559,3868
0.06820717253793296,0.32548368625193713,0.887371125497398,-0.5459987074664808,3880
-1.0985960734078577,-0.3098082830698659,-0.25463839875392125,3.898955363291832,3888
-1.0504515804737593,-0.8499876730716207,-0.3874776403564671,0.7145245635223286,3903
1.7563617962943185,-0.36195382945282356,-0.12228660113057095,0.14910575790678968,3921
1.6160456310380293,-0.28157731632540806,-0.8438981632847855,-0.23115296933023508,3922
-1.0932400901687689,-0.15688437028139163,0.00509471593371,0.7234407303608223,3934
-0.5329075068503998,-0.28463567731236306,-0.5237039137777285,1.0356015072186076,3936
-1.1602192154815907,0.5908574049194926,-0.08267316552606212,9.287410525985777,3952
0.21763673368899816,-0.12610971724807735,-0.6470576134888967,-0.033964350070503246,3956
-0.2612565503979815,-1.0053559705023032,-0.05609358219184228,-0.20996126456809402,3969
-1.2033821050573608,0.47203496252979965,1.890480853170103,-0.721499985311961,3976
-0.8359981905558201,-0.2596205225010593,-0.27769531629717537,-0.631343070552583,3980
-0.5306585634206652,-0.7594026021811611,0.05577425170289692,-0.1371007336308353,4003
0.01821619587019674,-0.7248794336067484,1.171927548495841,-0.4471925615519333,4025
1.7332910718186334,-0.005926003718642908,-0.4578528124341094,0.43484676131307026,4034
1.0217470430292204,-0.20403533151818434,-0.6408599608195101,-0.42003170858802036,4044
0.9779283337698148,-0.1824078941407451,-0.46090572237576555,-0.5414460846109209,4045
1.800564026594347,-0.41893215574713843,-0.5857018890772006,0.44188096553782963,4069
-0.9710493863657977,-0.11678630811725667,-0.20756953988390062,0.9628724883026053,4103
1.4082827679471424,-1.1231700466607537,-0.6693013957599587,-0.6062541233020946,4176
-0.1505661418769165,-0.37552289781303305,-0.5143820893099114,0.2225947866203644,4273
-0.7961637975106479,-0.4182678722846211,-0.294588635048597,0.010694233330837789,4291
-0.5827926187720855,-0.8448244244234752,-0.6344315138412961,-0.34340490079018177,4296
-1.1350911898529068,0.2553516388143647,-0.5600908282113183,2.186920510110014,4336
-1.1900446417279384,-0.05671354091592621,-0.6347722886517643,1.5062106376598505,4345
1.8381322269931157,-0.5088349451110576,-0.4687232767147649,-0.30863093024493576,4353
-1.1478679859877479,0.15090112612244486,-0.5540836534778097,1.0587639971242293,4432
-0.5606418060544388,-0.2622780713498485,0.5221581496186449,-0.6374627920007828,4433
-1.5244186123823624,2.5292349116615394,-0.8079592700626621,1.1175311825467418,4478
-1.2739565891955291,-0.4298452868078299,-0.4800261309275483,2.3225333849630827,4557
-0.12924657009400167,-0.5393886165208505,-0.5462334636347524,0.9469526233193538,4573
-0.018578133771135263,-0.7084867421233685,-0.5724200847011786,-0.26024990742258064,4597
0.5195531578681977,-0.13316385499755423,-0.47215893090933214,-0.6852043944931592,4606
1.5006644631904795,-0.3149511608617746,-0.8449841276852267,-0.3401382924733999,4617
0.5029832281405504,-0.06344190636916672,1.244404278367314,-0.1834399992728162,4684
0.49270479938043155,-0.008024189151594262,0.3892336627414575,-0.4433473735343918,4722
0.24148840570291147,-0.6339687163711684,-0.7354881474122499,-0.12722607268751387,4821
1.1166863016159743,-0.6973918537232114,-0.8583746084370355,0.5981053362138296,4825
0.8911234446328481,-0.7115597966970909,1.277615799632655,-0.5447307739042573,4836
-0.19122538441858666,-0.8643226341687893,1.641973052945699,-0.4014442863336325,4838
-1.2252855417425699,-0.5375584418378204,0.19270370174553025,-0.08022879781368338,4852
-0.38807221633922995,0.034999624097662406,2.380234919284602,-0.5474816154808984,4859
2.2447115817859546,-1.0288877424834129,0.8429424858864313,-0.6160331192669973,4883
1.9764161156962061,-0.5667272302908104,-0.3083523303824119,-0.5375062788095973,4889
-0.5703556488996804,1.8397956989833384,-0.5553654201696523,-0.31242770212138327,4895
-0.9014569810263094,0.09253666766458372,-0.37207274327417633,-0.5784550464717244,4906
-1.5602312728716872,1.7662752582757617,-0.8496676402017768,0.27406732673528716,4920
-1.3286081930688152,0.696071328310409,-0.20030552815197106,-0.47770731055089805,5044
-1.2722056485227804,-0.4848560804015339,-0.40504223223450897,1.567300697087155,5071
-0.25020109857662914,-0.9898091527638136,-0.8549577699944461,0.07843970797862025,5076
-0.8150903893532564,-0.9334012027163036,-0.04818373742733921,0.26277295318053706,5077
-1.4885109386394133,1.6170913406241845,-0.7879442533057338,-0.32939064369330673,5081
1.8007737979047058,-0.2096625447025157,-0.278604198925815,-0.47554688195330513,5115
2.179111666542965,-0.48801870230554384,-0.870163485183117,-0.2646481982656403,5128
-1.3219754047679486,0.2631606019733949,-0.8677499811682111,-0.4295054945792682,5138
-0.21318237608967647,0.6215373392600934,0.29784027194455576,-0.7496378664009336,5339
-1.4258580220644461,5.56133719663058,-0.8327973488643095,-0.7388806599892224,5469
-1.2237272865372124,0.2278396347528207,2.305506674934942,-0.7239151437548859,5480
-0.2586033536984279,-0.4979320420287792,-0.7881031230154736,0.37077912762407966,5524
0.8738606085206158,-0.7037991484068317,0.38535229293778994,-0.729334992797987,5553
0.3993129368235365,-0.44449446498522627,-0.466802530864333,0.29072859976393745,5711
0.43972436565184575,-0.3944687269700603,-0.5022275415544882,-0.3619961368203921,5729
-0.7190172602972038,0.09245374911031068,0.3567231424852249,-0.18875978712814184,5808
-0.17658831155659607,-0.28412946401215006,-0.6879967340781042,1.1222365477721796,5827
0.12296307258137884,-0.20269070698164537,-0.6110277171889746,0.34498815619804524,5828
1.649670928325864,-0.6227701569529778,-0.42682032023621874,-0.6308891800963015,5857
0.576925870174325,-0.5736608371818323,-0.7292484954749056,-0.41755119825770026,5925
0.6647331231871716,-1.6052570493493175,4.651577381829062,-0.37808257146460306,5997
-0.29333765305333864,0.27936673407439283,-0.7950153304496326,-0.04327268648299879,6004
-0.01317315723946849,-0.5354220213545803,-0.7916430944391966,-0.062215662541598306,6036
-1.405512546864018,1.3014720070263817,0.3281694456069484,0.4440228205067936,6081
-1.2651062333332528,3.023093124902871,2.6562330099599487,-0.590801544265353,6117
-0.7568353837460563,0.4248997577682955,-0.47548629024642075,0.16773789114218707,6154
-0.6456008031431045,-0.17631319730879064,-0.7412189928315517,0.19321574818800696,6163
-0.3420309048472655,2.279943500582828,-0.2556392188313766,1.3512976344528884,6166
-0.538650079266092,0.8371699942890942,-0.565151725428744,0.455010351488254,6270
1.6029832659174652,-0.2518320344904606,-0.9144660934359479,0.6432198126718325,6327
0.5819868995881964,-0.3588730404485205,-0.31688109531134284,0.007877903655380483,6367
-0.3899797193274593,0.643227645366127,-0.8958180253356507,-0.035092683528487156,6394
0.47696938596865557,-0.11905079333649572,-0.8036250822349211,-0.6465536114178676,6435
2.3192361846227683,-0.41518537027577107,-0.6465698641018522,-0.49028254709021946,6518
1.934680219802852,-0.5272254447289534,-0.3172610858157014,-0.22147561074360542,6528
-0.5743285907549867,0.2013492778503445,-0.7314172161185455,0.2649678387274907,6539
0.7655439682306344,-0.021760050827854167,-0.7489067505586149,-0.7486932602397993,6637
1.1582477240273492,-0.20285211965731312,-0.6705695407626233,1.4742023279188317,6651
-0.15752305918213247,-1.5588451861517092,2.4765531107763206,-0.5422910497182291,6662
0.8998858815127154,-0.5846035010798075,1.2566354608456074,-0.7343635738038731,6696
-0.16497048333599146,0.46703503469853763,-0.7994352708339143,-0.14000248574795998,6712
-0.7511919583108831,-0.41404919359439935,-0.6081155565014223,-0.2119318110033064,6720
-0.27663769547185213,-0.6808557292329425,-0.5951143344050707,-0.6586709730621851,6739
0.5160163374411086,0.28467681285338653,0.4747684247880833,-0.557714012946511,6822
-0.7837059307366048,-0.45658496170626905,-0.1259375509792684,-0.167276035070665,6823
-0.3015434949403034,0.3332485539226419,2.383875858133345,-0.6462753374449446,6833
1.1603617395127177,-0.2444962880785081,-0.8053768957206151,-0.29520239997053715,6883
-0.6989287616610999,-0.05214181133411418,-0.9213908854698999,1.548837243139946,6929
-1.196619256006477,1.305709597292244,1.2480313062407575,1.2872122755194204,6932
0.5569908403406553,-0.4559288838617214,-0.8483435040764421,-0.48654066941197954,6963
-0.9561022784042136,0.4598867656394365,-0.7342587939251417,0.137934152574118,7066
-1.0027670669741076,0.16351356083651625,-0.5343790263526395,0.39615753857519914,7077
0.35467100031488386,-0.4704657543325612,-0.9162937121042859,0.3710787632546817,7102
0.9826659055427905,-0.205986541592344,-0.9166718363964198,0.27485175138143697,7117
-0.9557241928217022,-0.4208738610531371,-0.40645340297100513,-0.5069715716000884,7216
0.36313502547196747,-0.03204002358747141,1.0367928564707642,0.20429758930921893,7881
1.470508816592485,-0.18771035094055363,0.26289975047327924,-0.39923690679184914,8039
0.07764023992689444,-0.40521034909546627,-0.560207997616654,0.162851824031809,8257
0.15837970115710354,-1.0724690685919598,0.26521494155128134,0.8324488619124132,8363
0.060841961181148325,-0.24819518682928352,-0.37826370315005203,-0.7446378280748595,8437
2.852107549892998,0.026352965392328686,0.4208815966963429,-0.43379646744400174,8641
0.5398439309133749,-0.391439247088662,1.1386617924508744,-0.3090002813593128,8663
-0.7770220752674698,-0.013737010067803288,-0.26152919914943146,0.30852095782379885,8772
-1.1288825697963825,0.18437612689334557,-0.06670270410186065,0.12718975984006436,8786
1.9522084766359031,0.9107799411085153,0.4408194416952551,-0.4218199548307564,8792
1.9736368237485715,-0.7057467234366152,0.4127864540703002,-0.665107949580675,8814
0.2565739461470827,-0.5467052187178084,0.37936741209928343,-0.7479421540090988,8893
-1.0263079677917761,0.7677029668337769,-0.4296291345591517,0.815553905488843,8931
0.2884936369604747,0.015918059653740636,-0.5474034458879433,-0.505300719496575,8981
-0.11373673793195065,-0.8810275461280653,-0.8244699832733812,0.6622663686559321,9014
0.37337016002568546,0.021988993343292768,0.1548710054120918,-0.24547643695191937,9138
-0.7435140499934279,0.22153752671862983,-0.03953909675713007,-0.7317916708868131,9290
0.825450690225991,-1.2802360768040502,-0.592300787147504,-0.6509993311694617,9350
-0.13475020493617737,2.134951222809922,0.32336165203315254,-0.7270610740550479,9351
0.6368083930151548,-0.3019516871583841,0.24193387902691493,-0.12631975653605848,9395
-0.0371299725273452,-0.7569558360597014,-0.8186735995662299,0.20412185261150145,9522
-0.19363814407058558,-0.37250520963036693,-0.7537736655435415,-0.05621802902807569,9543
1.4571479199875033,-1.0848842586456826,-0.025014643478373247,-0.5580984297877843,9712
1.142291070522453,-0.49240462523378375,-0.9042425328546684,-0.08568062045160939,10111
-0.23470520896649086,-0.026509620947053676,-0.9381273738475309,1.1063932710975162,10138
-0.5239718598108739,1.0639862564722624,1.2818013617173847,-0.05146145689412197,10144
1.5432314859465877,0.0675871436036621,-0.44586910546615205,-0.07566734223823193,10242
-0.011050015891166836,0.2524729523954162,-0.41992268952757794,-0.2970126482043448,10717
-0.7123793223038253,0.7045669629548406,-0.4275429207017565,6.3121645737095955,10749
-0.4376879507563175,0.011297214936529958,-0.7513925107472805,0.09504333824525718,10795
2.6429238966894557,0.09920056046847797,0.8703522399315011,-0.5371186674280285,11041
-0.6179598861221907,0.4006975662883246,-0.7348051681085264,2.1715071130304224,11688
-0.6020793493205117,0.6114162835220552,-0.5599054543540205,0.6439846140791867,11808
1.1844130157329804,-1.2495356934559154,-0.47750679319706646,-0.18285167755845685,12022
0.1868820006187838,-0.6184098985244676,-0.8458639611563259,-0.18680247461527086,12084
0.3381039900726371,-0.04914953475551263,-0.6045793083615837,-0.0037841967045757013,12090
0.15436431263727185,-0.24689414271644736,-0.4806008464173963,1.3893738845533565,12384
-1.4571350901833655,2.2642698738747837,-0.7045234619470032,1.5346603000197265,12696
-0.8701599400574727,0.5608230124470722,-0.8467968785627853,1.5965022237483477,12815
-0.5937448338726717,-0.18371457261155988,-0.7769747699175147,1.9922361976785836,12826
-0.4896718953947761,0.17148143936738072,-0.9391019931010269,2.238542545702904,12837
-0.46051941072258806,0.4603722171259842,-0.1948480757360784,1.215120567052209,12986
0.874927146066657,-0.4859928135757049,-0.38879703203556687,-0.5942068856242892,13017
-1.0229083061428244,-0.05460659694954032,-0.051174663245684884,0.8211235123479617,13039
0.3722598779812492,-0.45129393160739967,0.030721723977066184,0.8388215168664811,13239
-1.1219697962926258,-0.38929633471252145,-0.9054962080100076,-0.31605961169948354,13463
0.15723225363003482,-0.6598193531265342,-0.9355373238700152,1.0780838600260032,13622
-0.28247146843239873,-0.4123553385380451,0.1473642841272587,-0.6166850404103338,13906
1.6492591911104648,-0.6628638956240421,0.42744351593796326,-0.5653422801943923,13988
1.5982193472463162,-0.16418367641464796,-0.653338842620523,-0.35619015667682324,14066
0.11922861764540352,-0.7643146143723374,1.5513769148965133,-0.5240564555919371,14157
-0.8342408604696313,0.10744808826526775,-0.6015198879100626,1.2697597964692782,14195
0.38808093429699614,1.2274053262376823,3.078222942312167,-0.2397668659167084,14465
0.33654256945794386,-1.3386601797416293,0.22601416007772315,-0.31509489805470337,14504
0.16746659273818326,0.21339110412073878,1.0007105139194423,-0.5247701120357853,14515
0.4600949864334824,-1.0685940032692036,0.5276100297115748,-0.6022253044212963,14704
0.05258314383637522,2.0736431240583784,1.6034174890083148,-0.511945379909434,14814
-0.9731981825810756,-0.05106010121716451,-0.8914544913962631,-0.7278319672820721,15397
-1.1035961680668642,1.239144519044594,1.7247817152324016,-0.741524108246277,15401
-0.15300390983511722,-0.37846382118812233,-0.7929765087447167,1.0069152297031723,15562
-0.4980130695236461,-1.2772175672069785,-0.5084969524247346,0.423051580879753,16180
-1.502547239847122,1.6385946155057292,0.0037573835084253847,0.8713418295851609,16185
-1.3403305407936266,0.6537678117609704,-0.40186218289440623,2.2729707056147883,16987
-0.6125470775080482,0.12974489557606844,-0.36965247949506946,0.3918033638461066,17273
-1.3941206201314587,0.5381483095601096,-0.31317842035755383,-0.28779347875727146,17306
0.8480452107434251,-0.9750828715657553,0.5736312029197971,-0.4366471849313939,17414
0.6486343993564972,1.5749164567889817,-0.8274637638550542,-0.5447477698140732,17478
-0.4081581260934729,0.36058698367270986,-0.6179828174065434,0.7926381940157655,18510
-0.8827056367124315,-1.212807178976574,1.1050760205754444,-0.6717800637646593,18777
-0.7472878539679196,0.8902016221791882,-0.7020000202444062,-0.6978225627144548,18918
-0.8375410441198565,1.6337222118936137,0.503670574336468,-0.7226700204815848,18919
-0.5534057930056905,0.23443420975283416,-0.22792290162424605,-0.6022039796676075,18958
0.0032617874681766623,-0.8285629685129485,-0.7489633617888217,-0.6918453512433361,19024
0.4398852482473924,-0.5767647137467725,-0.7316078380601326,-0.3765598036414183,19057
-0.6936473765054975,-0.12415696584213824,-0.029178576431938195,0.0865648518402092,19211
-0.6206780925899841,-0.4292084709165292,-0.904645640856041,1.0472975362779933,19583
-0.5791551855527083,-0.11019610694644329,0.10993591755642526,-0.6251654589848106,19592
-0.4949798658798468,0.11921927552802263,-0.8343693106985642,-0.40583439255002823,19722
-0.5055006212056129,-0.7485774233137747,-0.8814858088088046,-0.10913953229848071,20243
-0.08041613931145195,-0.4906022195994801,2.2147539507421854,-0.6034326862157539,21205
-0.6188120509031912,0.302811310638947,-0.44937875099996416,-0.5454634279580567,21210
-0.9742020628091034,0.7494922418637818,-0.6669133870936166,-0.050718949074440155,21537
-0.06518910275282892,-1.3687812420007404,-0.06538597284650344,-0.05776747478947997,21997
-0.640813105040275,0.7882501249448406,0.3100822836758539,-0.7271139740142329,22015
-0.9207804880944611,0.4217855503217172,-0.6492950151015292,-0.21592768585849917,22173
-0.5388029560144217,-0.1949288192389201,-0.5752138374741304,-0.7310448456367858,22307
-0.6892232655950254,-0.5944252785451517,-0.4574203537057905,-0.661862621416125,22316
0.38717153933629916,-1.18072320136115,0.6360065291982724,-0.6218583391993687,22746
0.6894090858349379,-1.2107206222470244,-0.7180086236503815,-0.7152198113753333,22752
-0.7450187610981575,-0.8977338717281937,0.4771065245591742,-0.6637063670870533,22977
0.22759173901010618,-0.08492136039379641,0.9549329506656833,-0.4236397620392982,23300
1.0760542299366191,-1.3737046146800416,-0.8712534662764342,-0.6530434870141782,23307
-1.200121088335475,0.3443957620273253,-0.43379880470691895,-0.642611880770989,23531
-1.473236610910295,1.797342377151856,-0.7773944644983715,-0.32696616477048335,23594
-1.2480363803126084,0.7629775361582497,-0.564393588400131,0.012252503298917862,23931
-1.0988762598271078,1.039800859366377,-0.4821595203160992,-0.16893927255960442,24342
-1.0717021623890803,3.3837600303059716,-0.881722864720586,2.8368519413482307,24668
-0.9429267414988299,0.9328923369891743,-0.5593463564327782,0.2259105972939002,25037
-1.2253735396996164,0.8247131208538944,-0.5118923636772535,-0.18536310398401148,25054
-0.5158280871626416,0.03945455403253982,-0.7146436837754941,1.3737804703721737,25421
-0.8626625673432596,0.605837260940528,-0.32011706609668467,-0.136145230073664,25448
-1.297680983107875,1.5384829235414514,0.07301798312355706,-0.15925717801543687,25619
0.01896169724527129,0.18314029467565315,-0.799390215747169,0.5953685788092934,25927
-0.915996567439316,0.2686560819670716,-0.4984857331663986,-0.2811495379776021,27144
